timestamp,temperature,humidity,soil,light,solar_voltage,solar_current,solar_power,battery_voltage,battery_current,battery_power,pump,led,soc,pred_1h,mode,water_alert
2026-03-17 11:24:52,20.5,27.8,100.0,90.0,16.92,0.068,1.15,16.23,0.005,0.08,0,0,88.0,1.26,2,0
2026-03-17 11:25:01,20.5,27.8,100.0,90.0,16.92,0.069,1.16,16.24,0.005,0.08,0,0,88.0,1.26,2,0
2026-03-17 11:25:11,20.5,27.6,100.0,91.0,16.92,0.069,1.16,16.24,0.005,0.08,0,0,88.0,1.28,2,0
2026-03-17 11:25:21,20.5,27.6,100.0,90.0,16.93,0.07,1.18,16.24,0.005,0.08,0,0,88.0,1.15,2,0
2026-03-17 11:25:31,20.6,27.5,100.0,88.0,16.83,0.05,0.83,16.22,0.005,0.08,0,0,88.0,0.9,2,0
2026-03-17 11:25:41,20.6,27.5,100.0,93.0,16.92,0.07,1.19,16.24,0.005,0.08,0,0,88.0,1.13,2,0
2026-03-17 11:25:51,20.6,27.4,100.0,92.0,16.87,0.057,0.96,16.24,0.005,0.08,0,0,88.0,0.89,2,0
2026-03-17 11:26:02,20.6,27.4,100.0,93.0,16.87,0.057,0.96,16.23,0.005,0.08,0,0,88.0,0.95,2,0
2026-03-17 11:26:12,20.6,27.3,100.0,93.0,16.93,0.071,1.21,16.23,0.005,0.08,0,0,88.0,1.12,2,0
2026-03-17 11:26:22,20.7,27.1,100.0,93.0,16.92,0.07,1.19,16.24,0.005,0.08,0,0,88.0,1.23,2,0
2026-03-17 11:26:32,20.7,27.2,100.0,93.0,16.93,0.07,1.19,16.24,0.005,0.08,0,0,88.0,1.15,2,0
2026-03-17 11:26:42,20.7,27.1,100.0,93.0,16.93,0.07,1.19,16.24,0.005,0.08,0,0,88.0,1.13,2,0
2026-03-17 11:26:52,20.7,27.0,100.0,93.0,16.93,0.071,1.21,16.25,0.005,0.08,0,0,88.0,1.3,2,0
2026-03-17 11:27:02,20.7,27.0,100.0,93.0,16.94,0.071,1.21,16.24,0.005,0.08,0,0,88.0,1.26,2,0
2026-03-17 11:27:12,20.7,27.0,100.0,93.0,16.93,0.071,1.21,16.24,0.005,0.08,0,0,88.0,1.1,2,0
2026-03-17 11:27:23,20.7,26.9,100.0,93.0,16.93,0.072,1.22,16.25,0.005,0.08,0,0,88.0,1.26,2,0
2026-03-17 11:27:33,20.8,27.0,100.0,93.0,16.94,0.072,1.22,16.24,0.005,0.08,0,0,88.0,1.1,2,0
2026-03-17 11:27:43,20.8,27.0,100.0,94.0,16.93,0.072,1.22,16.25,0.005,0.08,0,0,88.0,1.31,2,0
2026-03-17 11:27:53,20.8,27.1,100.0,95.0,16.93,0.072,1.22,16.24,0.005,0.08,0,0,88.0,1.11,2,0
2026-03-17 11:28:03,20.8,27.2,100.0,95.0,16.94,0.072,1.22,16.24,0.005,0.08,0,0,88.0,1.34,2,0
2026-03-17 11:28:13,20.8,27.4,100.0,96.0,16.93,0.072,1.22,16.25,0.005,0.08,0,0,88.0,1.13,2,0
2026-03-17 11:28:23,20.8,27.4,100.0,96.0,16.93,0.072,1.22,16.25,0.005,0.08,0,0,88.0,1.32,2,0
2026-03-17 11:28:34,20.8,27.6,100.0,97.0,16.93,0.071,1.21,16.24,0.005,0.08,0,0,88.0,1.1,2,0
2026-03-17 11:28:44,20.9,27.6,100.0,97.0,16.93,0.071,1.21,16.25,0.005,0.08,0,0,88.0,1.29,2,0
2026-03-17 11:28:54,20.9,27.7,100.0,97.0,16.94,0.071,1.21,16.24,0.005,0.08,0,0,88.0,1.33,2,0
2026-03-17 11:29:04,20.9,27.6,100.0,97.0,16.93,0.072,1.22,16.24,0.005,0.08,0,0,88.0,1.28,2,0
2026-03-17 11:29:14,20.9,27.5,100.0,97.0,16.93,0.071,1.21,16.25,0.005,0.08,0,0,88.0,1.19,2,0
2026-03-17 11:29:24,20.9,27.5,100.0,98.0,16.94,0.071,1.21,16.24,0.005,0.08,0,0,88.0,1.19,2,0
2026-03-17 11:29:34,21.0,27.4,100.0,98.0,16.94,0.072,1.22,16.24,0.005,0.08,0,0,88.0,1.25,2,0
2026-03-17 11:29:45,21.0,27.2,100.0,98.0,16.93,0.072,1.22,16.25,0.005,0.08,0,0,88.0,1.27,2,0
2026-03-17 11:29:55,21.0,27.1,100.0,98.0,16.93,0.072,1.22,16.24,0.005,0.08,0,0,88.0,1.13,2,0
2026-03-17 11:30:05,21.0,27.0,100.0,98.0,16.94,0.072,1.22,16.24,0.005,0.08,0,0,88.0,1.23,2,0
2026-03-17 11:30:15,21.0,27.0,100.0,98.0,16.93,0.073,1.23,16.25,0.005,0.08,0,0,88.0,1.15,2,0
2026-03-17 11:30:25,21.0,26.9,100.0,98.0,16.93,0.073,1.23,16.25,0.005,0.08,0,0,88.0,1.12,2,0
2026-03-17 11:30:35,21.0,26.9,100.0,98.0,16.94,0.072,1.22,16.24,0.005,0.08,0,0,88.0,1.17,2,0
2026-03-17 11:30:45,21.0,26.8,100.0,98.0,16.93,0.072,1.22,16.24,0.005,0.08,0,0,88.0,1.1,2,0
2026-03-17 11:30:55,21.1,26.8,100.0,98.0,16.93,0.073,1.23,16.25,0.005,0.08,0,0,88.0,1.3,2,0
2026-03-17 11:31:06,21.1,26.7,100.0,98.0,16.94,0.073,1.23,16.24,0.005,0.08,0,0,88.0,1.11,2,0
2026-03-17 11:31:16,21.1,26.7,100.0,98.0,16.94,0.074,1.25,16.24,0.005,0.08,0,0,88.0,1.25,2,0
2026-03-17 11:31:26,21.1,26.7,100.0,98.0,16.94,0.074,1.25,16.25,0.005,0.08,0,0,88.0,1.37,2,0
2026-03-17 11:31:36,21.1,26.7,100.0,98.0,16.94,0.074,1.25,16.24,0.005,0.08,0,0,88.0,1.2,2,0
2026-03-17 11:31:46,21.1,26.8,100.0,98.0,16.94,0.074,1.25,16.24,0.005,0.08,0,0,88.0,1.12,2,0
2026-03-17 11:31:56,21.1,26.8,100.0,98.0,16.94,0.074,1.25,16.25,0.005,0.08,0,0,88.0,1.26,2,0
2026-03-17 11:32:06,21.2,26.8,100.0,98.0,16.94,0.074,1.25,16.25,0.005,0.08,0,0,88.0,1.23,2,0
2026-03-17 11:32:17,21.2,26.7,100.0,98.0,16.94,0.074,1.25,16.25,0.005,0.08,0,0,88.0,1.2,2,0
2026-03-17 11:32:27,21.2,26.7,100.0,98.0,16.94,0.074,1.25,16.24,0.005,0.08,0,0,88.0,1.24,2,0
2026-03-17 11:32:37,21.2,26.7,100.0,98.0,16.94,0.074,1.25,16.24,0.005,0.08,0,0,88.0,1.24,2,0
2026-03-17 11:32:47,21.2,26.6,100.0,98.0,16.94,0.074,1.25,16.24,0.005,0.08,0,0,88.0,1.3,2,0
2026-03-17 11:32:57,21.2,26.6,100.0,98.0,16.94,0.074,1.25,16.24,0.005,0.08,0,0,88.0,1.29,2,0
2026-03-17 11:33:07,21.2,26.6,100.0,98.0,16.94,0.074,1.25,16.25,0.005,0.08,0,0,88.0,1.16,2,0
2026-03-17 11:33:17,21.2,26.6,100.0,98.0,16.93,0.074,1.25,16.25,0.005,0.08,0,0,88.0,1.29,2,0
2026-03-17 11:33:27,21.2,26.6,100.0,98.0,16.93,0.073,1.23,16.25,0.005,0.08,0,0,88.0,1.13,2,0
2026-03-17 11:33:38,21.2,26.5,100.0,98.0,16.94,0.073,1.23,16.24,0.005,0.08,0,0,88.0,1.17,2,0
2026-03-17 11:33:48,21.2,26.5,100.0,98.0,16.94,0.072,1.22,16.24,0.005,0.08,0,0,88.0,1.33,2,0
2026-03-17 11:33:58,21.2,26.4,100.0,98.0,16.93,0.072,1.22,16.24,0.005,0.08,0,0,88.0,1.16,2,0
2026-03-17 11:34:08,21.2,26.4,100.0,98.0,16.93,0.072,1.22,16.25,0.005,0.08,0,0,88.0,1.27,2,0
2026-03-17 11:34:18,21.3,26.4,100.0,98.0,16.93,0.073,1.23,16.25,0.005,0.08,0,0,88.0,1.33,2,0
2026-03-17 11:34:28,21.3,26.4,100.0,98.0,16.94,0.073,1.23,16.24,0.005,0.08,0,0,88.0,1.32,2,0
2026-03-17 11:34:38,21.3,26.5,100.0,98.0,16.94,0.073,1.23,16.24,0.005,0.08,0,0,88.0,1.3,2,0
2026-03-17 11:34:49,21.3,26.5,100.0,98.0,16.93,0.073,1.23,16.24,0.005,0.08,0,0,88.0,1.22,2,0
2026-03-17 11:34:59,21.3,26.6,100.0,98.0,16.93,0.073,1.23,16.25,0.005,0.08,0,0,88.0,1.17,2,0
2026-03-17 11:35:09,21.3,26.7,100.0,98.0,16.94,0.073,1.23,16.25,0.005,0.08,0,0,88.0,1.31,2,0
2026-03-17 11:35:19,21.3,26.8,100.0,98.0,16.94,0.073,1.23,16.24,0.005,0.08,0,0,88.0,1.33,2,0
2026-03-17 11:35:29,21.3,26.9,100.0,98.0,16.94,0.074,1.25,16.24,0.005,0.08,0,0,88.0,1.34,2,0
2026-03-17 11:35:39,21.3,26.7,100.0,98.0,16.94,0.074,1.26,16.24,0.005,0.08,0,0,88.0,1.39,2,0
2026-03-17 11:35:49,21.3,26.7,100.0,98.0,16.94,0.074,1.26,16.25,0.005,0.08,0,0,88.0,1.18,2,0
2026-03-17 11:36:00,21.3,26.6,100.0,98.0,16.94,0.074,1.26,16.25,0.005,0.08,0,0,88.0,1.31,2,0
2026-03-17 11:36:10,21.3,26.7,100.0,98.0,16.94,0.074,1.26,16.24,0.005,0.08,0,0,88.0,1.19,2,0
2026-03-17 11:36:20,21.3,26.5,100.0,98.0,16.94,0.074,1.25,16.24,0.005,0.08,0,0,88.0,1.19,2,0
2026-03-17 11:36:30,21.3,26.6,100.0,98.0,16.94,0.074,1.25,16.25,0.005,0.08,0,0,88.0,1.18,2,0
2026-03-17 11:36:40,21.3,26.5,100.0,98.0,16.93,0.074,1.25,16.25,0.005,0.08,0,0,88.0,1.36,2,0
2026-03-17 11:36:50,21.3,26.5,100.0,98.0,16.94,0.074,1.25,16.25,0.005,0.08,0,0,88.0,1.31,2,0
2026-03-17 11:37:00,21.3,26.7,100.0,98.0,16.94,0.074,1.25,16.24,0.005,0.08,0,0,88.0,1.16,2,0
2026-03-17 11:37:10,21.3,26.8,100.0,98.0,16.94,0.074,1.25,16.24,0.005,0.08,0,0,88.0,1.21,2,0
2026-03-17 11:37:21,21.3,26.9,100.0,98.0,16.94,0.074,1.25,16.24,0.005,0.08,0,0,88.0,1.33,2,0
2026-03-17 11:37:31,21.4,27.1,100.0,98.0,16.93,0.074,1.25,16.25,0.005,0.08,0,0,88.0,1.36,2,0
2026-03-17 11:37:41,21.4,27.0,100.0,98.0,16.93,0.074,1.25,16.25,0.005,0.08,0,0,88.0,1.32,2,0
2026-03-17 11:37:51,21.4,27.0,100.0,98.0,16.94,0.073,1.23,16.24,0.005,0.08,0,0,88.0,1.19,2,0
2026-03-17 11:38:01,21.4,26.8,100.0,98.0,16.93,0.073,1.23,16.24,0.005,0.08,0,0,88.0,1.34,2,0
2026-03-17 11:38:11,21.4,26.8,100.0,98.0,16.93,0.073,1.23,16.25,0.005,0.08,0,0,88.0,1.17,2,0
2026-03-17 11:38:21,21.4,26.7,100.0,98.0,16.93,0.073,1.23,16.25,0.005,0.08,0,0,88.0,1.26,2,0
2026-03-17 11:38:32,21.4,26.6,100.0,98.0,16.94,0.074,1.25,16.24,0.005,0.08,0,0,88.0,1.24,2,0
2026-03-17 11:38:42,21.4,26.6,100.0,98.0,16.93,0.074,1.25,16.24,0.005,0.08,0,0,88.0,1.16,2,0
2026-03-17 11:38:52,21.4,26.6,100.0,98.0,16.93,0.074,1.25,16.25,0.005,0.08,0,0,88.0,1.32,2,0
2026-03-17 11:39:02,21.4,26.5,100.0,98.0,16.94,0.074,1.25,16.24,0.005,0.08,0,0,88.0,1.14,2,0
2026-03-17 11:39:12,21.4,26.5,100.0,98.0,16.94,0.074,1.25,16.24,0.005,0.08,0,0,88.0,1.35,2,0
2026-03-17 11:39:22,21.4,26.5,100.0,98.0,16.94,0.074,1.26,16.25,0.005,0.08,0,0,88.0,1.29,2,0
2026-03-17 11:39:32,21.4,26.5,100.0,98.0,16.94,0.074,1.26,16.25,0.005,0.08,0,0,88.0,1.19,2,0
2026-03-17 11:39:43,21.4,26.6,100.0,98.0,16.94,0.074,1.26,16.25,0.005,0.08,0,0,88.0,1.19,2,0
2026-03-17 11:39:53,21.4,26.6,100.0,98.0,16.94,0.074,1.26,16.24,0.005,0.08,0,0,88.0,1.27,2,0
2026-03-17 11:40:03,21.5,26.7,100.0,98.0,16.94,0.074,1.26,16.25,0.005,0.08,0,0,88.0,1.34,2,0
2026-03-17 11:40:13,21.5,26.6,100.0,98.0,16.93,0.074,1.25,16.25,0.005,0.08,0,0,88.0,1.14,2,0
2026-03-17 11:40:23,21.5,26.8,100.0,98.0,16.94,0.076,1.29,16.25,0.005,0.08,0,0,88.0,1.37,2,0
2026-03-17 11:40:33,21.5,27.2,100.0,98.0,16.95,0.079,1.34,16.25,0.005,0.08,0,0,88.0,1.31,2,0
2026-03-17 11:40:43,21.5,27.7,100.0,98.0,16.95,0.079,1.34,16.24,0.005,0.08,0,0,88.0,1.31,2,0
2026-03-17 11:40:53,21.5,27.9,100.0,98.0,16.95,0.079,1.34,16.25,0.005,0.08,0,0,88.0,1.42,2,0
2026-03-17 11:41:04,21.5,28.2,100.0,98.0,16.94,0.078,1.33,16.25,0.005,0.08,0,0,88.0,1.42,2,0
2026-03-17 11:41:14,21.6,28.2,100.0,98.0,16.95,0.078,1.31,16.25,0.005,0.08,0,0,88.0,1.42,2,0
2026-03-17 11:41:24,21.6,28.1,100.0,98.0,16.95,0.078,1.31,16.25,0.005,0.08,0,0,88.0,1.41,2,0
2026-03-17 11:41:34,21.6,28.2,100.0,98.0,16.95,0.077,1.3,16.24,0.005,0.08,0,0,88.0,1.3,2,0
2026-03-17 11:41:44,21.6,28.4,100.0,98.0,16.94,0.077,1.3,16.24,0.005,0.08,0,0,88.0,1.32,2,0
2026-03-17 11:41:54,21.6,28.3,100.0,98.0,16.94,0.077,1.3,16.25,0.005,0.08,0,0,88.0,1.34,2,0
2026-03-17 11:42:04,21.7,28.2,100.0,98.0,16.94,0.076,1.29,16.25,0.005,0.08,0,0,88.0,1.24,2,0
2026-03-17 11:42:15,21.7,27.9,100.0,98.0,16.94,0.075,1.27,16.26,0.005,0.08,0,0,88.0,1.18,2,0
2026-03-17 11:42:25,21.7,27.6,100.0,97.0,16.94,0.075,1.27,16.25,0.005,0.08,0,0,88.0,1.17,2,0
2026-03-17 11:42:35,21.7,27.4,100.0,97.0,16.94,0.075,1.27,16.24,0.005,0.08,0,0,88.0,1.27,2,0
2026-03-17 11:42:45,21.7,27.2,100.0,97.0,16.94,0.075,1.27,16.24,0.005,0.08,0,0,88.0,1.38,2,0
2026-03-17 11:42:55,21.7,27.0,100.0,97.0,16.94,0.075,1.27,16.25,0.005,0.08,0,0,88.0,1.23,2,0
2026-03-17 11:43:05,21.7,26.9,100.0,97.0,16.94,0.075,1.27,16.25,0.005,0.08,0,0,88.0,1.37,2,0
2026-03-17 11:43:15,21.7,27.1,100.0,97.0,16.94,0.075,1.27,16.25,0.005,0.08,0,0,88.0,1.32,2,0
2026-03-17 11:43:26,21.7,27.1,100.0,97.0,16.94,0.075,1.27,16.24,0.005,0.08,0,0,88.0,1.4,2,0
2026-03-17 11:43:36,21.8,27.0,100.0,97.0,16.93,0.074,1.26,16.25,0.005,0.08,0,0,88.0,1.29,2,0
2026-03-17 11:43:46,21.8,26.8,100.0,97.0,16.93,0.074,1.25,16.25,0.005,0.08,0,0,88.0,1.21,2,0
2026-03-17 11:43:56,21.8,26.6,100.0,97.0,16.94,0.073,1.23,16.25,0.005,0.08,0,0,88.0,1.34,2,0
2026-03-17 11:44:06,21.8,26.6,100.0,97.0,16.94,0.073,1.23,16.24,0.005,0.08,0,0,88.0,1.13,2,0
2026-03-17 11:44:16,21.8,26.5,100.0,97.0,16.93,0.073,1.23,16.25,0.005,0.08,0,0,88.0,1.18,2,0
2026-03-17 11:44:26,21.8,26.4,100.0,97.0,16.93,0.073,1.23,16.25,0.005,0.08,0,0,88.0,1.11,2,0
2026-03-17 11:44:36,21.8,26.5,100.0,97.0,16.94,0.073,1.23,16.24,0.005,0.08,0,0,88.0,1.18,2,0
2026-03-17 11:44:47,21.8,26.6,100.0,97.0,16.94,0.074,1.25,16.24,0.005,0.08,0,0,88.0,1.19,2,0
2026-03-17 11:44:57,21.8,26.6,100.0,97.0,16.93,0.074,1.25,16.25,0.005,0.08,0,0,88.0,1.33,2,0
2026-03-17 11:45:07,21.8,26.6,100.0,97.0,16.93,0.074,1.26,16.25,0.005,0.08,0,0,88.0,1.21,2,0
2026-03-17 11:45:17,21.8,26.5,100.0,97.0,16.94,0.074,1.25,16.25,0.005,0.08,0,0,88.0,1.13,2,0
2026-03-17 11:45:27,21.8,26.4,100.0,97.0,16.94,0.074,1.25,16.24,0.005,0.08,0,0,88.0,1.31,2,0
2026-03-17 11:45:37,21.8,26.3,100.0,97.0,16.93,0.074,1.25,16.24,0.005,0.08,0,0,88.0,1.34,2,0
2026-03-17 11:45:47,21.8,26.3,100.0,97.0,16.93,0.073,1.23,16.25,0.005,0.08,0,0,88.0,1.35,2,0
2026-03-17 11:45:58,21.8,26.3,100.0,97.0,16.93,0.073,1.23,16.25,0.005,0.08,0,0,88.0,1.34,2,0
2026-03-17 11:46:08,21.8,26.3,100.0,97.0,16.93,0.073,1.23,16.24,0.005,0.08,0,0,88.0,1.18,2,0
2026-03-17 11:46:18,21.8,26.2,100.0,97.0,16.94,0.073,1.23,16.24,0.005,0.08,0,0,88.0,1.16,2,0
2026-03-17 11:46:28,21.8,26.2,100.0,97.0,16.93,0.073,1.23,16.25,0.005,0.08,0,0,88.0,1.12,2,0
2026-03-17 11:46:38,21.8,26.1,100.0,97.0,16.93,0.074,1.25,16.26,0.005,0.08,0,0,88.0,1.13,2,0
2026-03-17 11:46:48,21.8,26.1,100.0,97.0,16.94,0.074,1.25,16.24,0.005,0.08,0,0,88.0,1.18,2,0
2026-03-17 11:46:58,21.8,26.1,100.0,97.0,16.94,0.074,1.26,16.25,0.005,0.08,0,0,88.0,1.37,2,0
2026-03-17 11:47:08,21.9,26.2,100.0,97.0,16.93,0.074,1.26,16.25,0.005,0.08,0,0,88.0,1.29,2,0
2026-03-17 11:47:19,21.8,26.3,100.0,97.0,16.94,0.074,1.26,16.25,0.005,0.08,0,0,88.0,1.15,2,0
2026-03-17 11:47:29,21.8,26.4,100.0,97.0,16.94,0.074,1.26,16.24,0.005,0.08,0,0,88.0,1.22,2,0
2026-03-17 11:47:39,21.9,26.5,100.0,97.0,16.94,0.074,1.26,16.25,0.005,0.08,0,0,88.0,1.16,2,0
2026-03-17 11:47:49,21.8,26.5,100.0,97.0,16.94,0.075,1.27,16.25,0.005,0.08,0,0,88.0,1.27,2,0
2026-03-17 11:47:59,21.9,26.3,100.0,97.0,16.94,0.076,1.29,16.24,0.005,0.08,0,0,88.0,1.37,2,0
2026-03-17 11:48:09,21.9,26.2,100.0,96.0,16.94,0.077,1.3,16.25,0.005,0.08,0,0,88.0,1.27,2,0
2026-03-17 11:48:19,21.9,26.3,100.0,96.0,16.94,0.078,1.31,16.25,0.005,0.08,0,0,88.0,1.37,2,0
2026-03-17 11:48:30,21.9,26.2,100.0,96.0,16.95,0.078,1.33,16.24,0.005,0.08,0,0,88.0,1.32,2,0
2026-03-17 11:48:40,21.9,26.1,100.0,96.0,16.95,0.079,1.34,16.25,0.005,0.08,0,0,88.0,1.43,2,0
2026-03-17 11:48:50,21.9,26.1,100.0,96.0,16.95,0.08,1.36,16.26,0.005,0.08,0,0,88.0,1.34,2,0
2026-03-17 11:49:00,21.9,26.0,100.0,96.0,16.96,0.08,1.36,16.25,0.005,0.08,0,0,88.0,1.45,2,0
2026-03-17 11:49:10,21.9,26.1,100.0,96.0,16.95,0.081,1.37,16.25,0.005,0.08,0,0,88.0,1.33,2,0
2026-03-17 11:49:20,21.9,26.2,100.0,96.0,16.95,0.081,1.37,16.26,0.005,0.08,0,0,88.0,1.36,2,0
2026-03-17 11:49:30,21.9,26.2,100.0,96.0,16.96,0.081,1.37,16.25,0.005,0.08,0,0,88.0,1.45,2,0
2026-03-17 11:49:41,21.9,26.1,100.0,96.0,16.96,0.081,1.37,16.25,0.005,0.08,0,0,88.0,1.42,2,0
2026-03-17 11:49:51,21.9,26.0,100.0,96.0,16.95,0.081,1.37,16.26,0.005,0.08,0,0,88.0,1.35,2,0
2026-03-17 11:50:01,21.9,25.9,100.0,96.0,16.96,0.082,1.38,16.26,0.005,0.08,0,0,88.0,1.27,2,0
2026-03-17 11:50:11,21.9,25.8,100.0,96.0,16.96,0.082,1.38,16.25,0.005,0.08,0,0,88.0,1.41,2,0
2026-03-17 11:50:21,21.9,25.8,100.0,96.0,16.97,0.082,1.4,16.25,0.005,0.08,0,0,88.0,1.41,2,0
2026-03-17 11:50:31,21.9,25.8,100.0,96.0,16.96,0.082,1.4,16.26,0.005,0.08,0,0,88.0,1.45,2,0
2026-03-17 11:50:41,21.9,25.8,100.0,96.0,16.96,0.083,1.41,16.26,0.005,0.08,0,0,88.0,1.52,2,0
2026-03-17 11:50:51,21.9,25.8,100.0,96.0,16.97,0.083,1.41,16.26,0.005,0.08,0,0,88.0,1.31,2,0
2026-03-17 11:51:02,22.0,25.8,100.0,96.0,16.97,0.084,1.43,16.25,0.005,0.08,0,0,88.0,1.32,2,0
2026-03-17 11:51:12,21.9,25.8,100.0,96.0,16.96,0.084,1.43,16.26,0.005,0.08,0,0,88.0,1.34,2,0
2026-03-17 11:51:22,21.9,25.9,100.0,97.0,16.97,0.085,1.44,16.26,0.005,0.08,0,0,88.0,1.41,2,0
2026-03-17 11:51:32,22.1,25.9,100.0,97.0,16.97,0.085,1.44,16.26,0.005,0.08,0,0,88.0,1.36,2,0
2026-03-17 11:51:42,22.3,25.8,100.0,97.0,16.98,0.085,1.44,16.25,0.005,0.08,0,0,88.0,1.5,2,0
2026-03-17 11:51:52,22.5,25.9,100.0,97.0,16.97,0.084,1.43,16.25,0.005,0.08,0,0,88.0,1.52,2,0
2026-03-17 11:52:02,22.6,26.0,100.0,97.0,16.96,0.084,1.43,16.26,0.005,0.08,0,0,88.0,1.49,2,0
2026-03-17 11:52:13,22.7,25.7,100.0,97.0,16.98,0.085,1.44,16.25,0.005,0.08,0,0,88.0,1.34,2,0
2026-03-17 11:52:23,22.9,25.8,100.0,97.0,16.97,0.085,1.44,16.26,0.005,0.08,0,0,88.0,1.41,2,0
2026-03-17 11:52:33,23.1,25.5,100.0,97.0,16.97,0.085,1.44,16.26,0.005,0.08,0,0,88.0,1.45,2,0
2026-03-17 11:52:43,23.2,25.4,100.0,97.0,16.97,0.085,1.44,16.25,0.005,0.08,0,0,88.0,1.55,2,0
2026-03-17 11:52:53,23.4,25.3,100.0,97.0,16.97,0.085,1.44,16.26,0.005,0.08,0,0,88.0,1.39,2,0
2026-03-17 11:53:03,23.6,25.0,100.0,97.0,16.98,0.085,1.44,16.25,0.005,0.08,0,0,88.0,1.52,2,0
2026-03-17 11:53:13,23.7,24.8,100.0,97.0,16.97,0.085,1.44,16.26,0.005,0.08,0,0,88.0,1.48,2,0
2026-03-17 11:53:24,23.9,24.7,100.0,97.0,16.97,0.083,1.41,16.26,0.005,0.08,0,0,88.0,1.45,2,0
2026-03-17 11:53:34,24.1,24.9,100.0,97.0,16.97,0.083,1.41,16.25,0.005,0.08,0,0,88.0,1.32,2,0
2026-03-17 11:53:44,24.2,24.9,100.0,97.0,16.96,0.083,1.41,16.26,0.005,0.08,0,0,88.0,1.27,2,0
2026-03-17 11:53:54,24.4,24.5,100.0,97.0,16.97,0.083,1.41,16.26,0.005,0.08,0,0,88.0,1.55,2,0
2026-03-17 11:54:04,24.6,24.6,100.0,97.0,16.96,0.083,1.41,16.25,0.005,0.08,0,0,88.0,1.4,2,0
2026-03-17 11:54:14,24.7,23.4,100.0,97.0,16.96,0.083,1.41,16.26,0.005,0.08,0,0,88.0,1.47,2,0
2026-03-17 11:54:24,24.8,22.7,100.0,97.0,16.97,0.083,1.41,16.25,0.005,0.08,0,0,88.0,1.45,2,0
2026-03-17 11:54:34,25.0,22.5,100.0,97.0,16.97,0.083,1.41,16.25,0.005,0.08,0,0,88.0,1.39,2,0
2026-03-17 11:54:45,25.2,22.8,100.0,97.0,16.96,0.084,1.43,16.26,0.005,0.08,0,0,88.0,1.56,2,0
2026-03-17 11:54:55,25.3,21.8,100.0,97.0,16.97,0.083,1.41,16.25,0.005,0.08,0,0,88.0,1.34,2,0
2026-03-17 11:55:05,25.5,21.6,100.0,97.0,16.97,0.084,1.43,16.25,0.005,0.08,0,0,88.0,1.29,2,0
2026-03-17 11:55:15,25.6,21.4,100.0,97.0,16.96,0.084,1.43,16.26,0.005,0.08,0,0,88.0,1.33,2,0
2026-03-17 11:55:25,25.8,21.4,100.0,97.0,16.97,0.084,1.43,16.25,0.005,0.08,0,0,88.0,1.44,2,0
2026-03-17 11:55:35,25.9,21.4,100.0,97.0,16.96,0.083,1.41,16.26,0.005,0.08,0,0,88.0,1.34,2,0
2026-03-17 11:55:45,26.0,21.2,100.0,97.0,16.97,0.083,1.41,16.25,0.005,0.08,0,0,88.0,1.51,2,0
2026-03-17 11:55:56,26.2,20.9,100.0,97.0,16.96,0.084,1.43,16.26,0.005,0.08,0,0,88.0,1.47,2,0
2026-03-17 11:56:06,26.4,20.7,100.0,97.0,16.97,0.084,1.43,16.25,0.005,0.08,0,0,88.0,1.46,2,0
2026-03-17 11:56:16,26.5,20.6,100.0,97.0,16.96,0.084,1.43,16.26,0.005,0.08,0,0,88.0,1.42,2,0
2026-03-17 11:56:26,26.6,20.5,100.0,97.0,16.97,0.084,1.43,16.25,0.005,0.08,0,0,88.0,1.51,2,0
2026-03-17 11:56:36,26.7,20.3,100.0,97.0,16.97,0.084,1.43,16.26,0.005,0.08,0,0,88.0,1.45,2,0
2026-03-17 11:56:46,26.9,20.1,100.0,97.0,16.97,0.084,1.43,16.26,0.005,0.08,0,0,88.0,1.3,2,0
2026-03-17 11:56:56,27.0,19.9,100.0,97.0,16.97,0.084,1.43,16.25,0.005,0.08,0,0,88.0,1.36,2,0
2026-03-17 11:57:07,27.1,19.8,100.0,97.0,16.97,0.084,1.43,16.26,0.005,0.08,0,0,88.0,1.38,2,0
2026-03-17 11:57:17,27.3,19.7,100.0,97.0,16.97,0.084,1.43,16.25,0.005,0.08,0,0,88.0,1.53,2,0
2026-03-17 11:57:27,27.3,20.8,100.0,97.0,16.97,0.084,1.43,16.26,0.005,0.08,0,0,88.0,1.55,2,0
2026-03-17 11:57:37,27.4,19.5,100.0,97.0,16.97,0.084,1.43,16.25,0.005,0.08,0,0,88.0,1.31,2,0
2026-03-17 11:57:47,27.5,19.5,100.0,97.0,16.97,0.085,1.44,16.26,0.005,0.08,0,0,88.0,1.56,2,0
2026-03-17 11:57:57,27.7,19.5,100.0,97.0,16.97,0.085,1.44,16.26,0.005,0.08,0,0,88.0,1.45,2,0
2026-03-17 11:58:07,27.8,19.2,100.0,97.0,16.98,0.085,1.44,16.25,0.005,0.08,0,0,88.0,1.38,2,0
2026-03-17 11:58:17,27.9,19.4,100.0,97.0,16.97,0.085,1.44,16.26,0.005,0.08,0,0,88.0,1.31,2,0
2026-03-17 11:58:28,28.0,19.2,100.0,97.0,16.98,0.085,1.44,16.25,0.005,0.08,0,0,88.0,1.42,2,0
2026-03-17 11:58:38,28.1,19.0,100.0,97.0,16.97,0.086,1.45,16.26,0.005,0.08,0,0,88.0,1.34,2,0
2026-03-17 11:58:48,28.2,19.2,100.0,97.0,16.98,0.086,1.45,16.26,0.005,0.08,0,0,88.0,1.52,2,0
2026-03-17 11:58:58,28.3,19.2,100.0,97.0,16.98,0.086,1.45,16.25,0.005,0.08,0,0,88.0,1.33,2,0
2026-03-17 11:59:08,28.4,18.2,100.0,97.0,16.97,0.086,1.45,16.26,0.005,0.08,0,0,88.0,1.46,2,0
2026-03-17 11:59:18,28.5,19.2,100.0,97.0,16.97,0.086,1.45,16.25,0.005,0.08,0,0,88.0,1.31,2,0
2026-03-17 11:59:28,28.6,19.0,100.0,97.0,16.97,0.086,1.45,16.26,0.005,0.08,0,0,88.0,1.44,2,0
2026-03-17 11:59:39,28.7,19.5,100.0,97.0,16.98,0.086,1.45,16.25,0.005,0.08,0,0,88.0,1.33,2,0
2026-03-17 11:59:49,28.8,19.1,100.0,97.0,16.97,0.086,1.45,16.26,0.005,0.08,0,0,88.0,1.48,2,0
2026-03-17 11:59:59,28.9,19.3,100.0,97.0,16.98,0.086,1.45,16.25,0.005,0.08,0,0,88.0,1.37,2,0
2026-03-17 12:00:09,29.0,19.4,100.0,97.0,16.98,0.086,1.47,16.26,0.005,0.08,0,0,88.0,1.51,2,0
2026-03-17 12:00:19,29.1,19.3,100.0,97.0,16.98,0.086,1.47,16.25,0.005,0.08,0,0,88.0,1.61,2,0
2026-03-17 12:00:29,29.1,19.3,100.0,97.0,16.97,0.086,1.47,16.26,0.005,0.08,0,0,88.0,1.38,2,0
2026-03-17 12:00:39,29.2,19.4,100.0,97.0,16.98,0.086,1.47,16.26,0.005,0.08,0,0,88.0,1.58,2,0
2026-03-17 12:00:49,29.3,19.2,100.0,97.0,16.98,0.086,1.47,16.26,0.005,0.08,0,0,88.0,1.61,2,0
2026-03-17 12:01:00,29.3,19.2,100.0,97.0,16.98,0.086,1.47,16.26,0.005,0.08,0,0,88.0,1.48,2,0
2026-03-17 12:01:10,29.4,19.1,100.0,97.0,16.98,0.086,1.47,16.26,0.005,0.08,0,0,88.0,1.39,2,0
2026-03-17 12:01:20,29.4,19.0,100.0,97.0,16.98,0.086,1.47,16.26,0.005,0.08,0,0,88.0,1.5,2,0
2026-03-17 12:01:30,29.5,18.9,100.0,97.0,16.98,0.086,1.47,16.26,0.005,0.08,0,0,88.0,1.57,2,0
2026-03-17 12:01:40,29.6,18.7,100.0,97.0,16.98,0.086,1.47,16.26,0.005,0.08,0,0,88.0,1.58,2,0
2026-03-17 12:01:50,29.6,18.7,100.0,97.0,16.98,0.086,1.47,16.26,0.005,0.08,0,0,88.0,1.38,2,0
2026-03-17 12:02:00,29.7,18.3,100.0,97.0,16.98,0.086,1.47,16.25,0.005,0.08,0,0,88.0,1.37,2,0
2026-03-17 12:02:11,29.7,18.5,100.0,97.0,16.98,0.086,1.47,16.26,0.005,0.08,0,0,88.0,1.6,2,0
2026-03-17 12:02:21,29.7,18.2,100.0,97.0,16.98,0.086,1.47,16.26,0.005,0.08,0,0,88.0,1.32,2,0
2026-03-17 12:02:31,29.8,18.3,100.0,97.0,16.98,0.086,1.45,16.26,0.005,0.08,0,0,88.0,1.54,2,0
2026-03-17 12:02:41,29.8,18.0,100.0,97.0,16.98,0.086,1.47,16.26,0.005,0.08,0,0,88.0,1.42,2,0
2026-03-17 12:02:51,29.9,17.9,100.0,97.0,16.98,0.086,1.47,16.26,0.005,0.08,0,0,88.0,1.36,2,0
2026-03-17 12:03:01,29.9,18.0,100.0,97.0,16.98,0.086,1.47,16.26,0.005,0.08,0,0,88.0,1.55,2,0
2026-03-17 12:03:11,30.0,18.1,100.0,97.0,16.98,0.086,1.47,16.26,0.005,0.08,0,0,88.0,1.4,2,0
2026-03-17 12:03:22,30.0,17.8,100.0,97.0,16.98,0.086,1.47,16.26,0.005,0.08,0,0,88.0,1.47,2,0
2026-03-17 12:03:32,30.1,18.1,100.0,97.0,16.98,0.086,1.47,16.26,0.005,0.08,0,0,88.0,1.57,2,0
2026-03-17 12:03:42,30.1,17.7,100.0,97.0,16.98,0.086,1.47,16.26,0.005,0.08,0,0,88.0,1.32,2,0
2026-03-17 12:03:52,30.1,17.6,100.0,97.0,16.98,0.087,1.48,16.26,0.005,0.08,0,0,88.0,1.36,2,0
2026-03-17 12:04:02,30.2,17.7,100.0,97.0,16.98,0.087,1.48,16.26,0.005,0.08,0,0,88.0,1.62,2,0
2026-03-17 12:04:12,30.2,17.8,100.0,97.0,16.98,0.087,1.48,16.26,0.005,0.08,0,0,88.0,1.36,2,0
2026-03-17 12:04:22,30.3,17.5,100.0,97.0,16.97,0.087,1.48,16.26,0.005,0.08,0,0,88.0,1.42,2,0
2026-03-17 12:04:32,30.3,17.4,100.0,97.0,16.98,0.087,1.48,16.26,0.005,0.08,0,0,88.0,1.34,2,0
2026-03-17 12:04:43,30.4,17.3,100.0,97.0,16.98,0.087,1.48,16.26,0.005,0.08,0,0,88.0,1.34,2,0
2026-03-17 12:04:53,30.4,17.6,100.0,97.0,16.98,0.087,1.48,16.26,0.005,0.08,0,0,88.0,1.58,2,0
2026-03-17 12:05:03,30.4,17.4,100.0,97.0,16.98,0.087,1.48,16.26,0.005,0.08,0,0,88.0,1.61,2,0
2026-03-17 12:05:13,30.5,17.5,100.0,97.0,16.98,0.087,1.48,16.26,0.005,0.08,0,0,88.0,1.34,2,0
2026-03-17 12:05:23,30.5,17.1,100.0,97.0,16.98,0.087,1.48,16.26,0.005,0.08,0,0,88.0,1.52,2,0
2026-03-17 12:05:33,30.5,17.1,100.0,97.0,16.98,0.087,1.48,16.26,0.005,0.08,0,0,88.0,1.41,2,0
2026-03-17 12:05:43,30.6,16.4,100.0,97.0,16.98,0.087,1.48,16.26,0.005,0.08,0,0,88.0,1.55,2,0
2026-03-17 12:05:54,30.6,16.9,100.0,97.0,16.98,0.087,1.48,16.26,0.005,0.08,0,0,88.0,1.34,2,0
2026-03-17 12:06:04,30.7,16.8,100.0,97.0,16.98,0.087,1.48,16.26,0.005,0.08,0,0,88.0,1.47,2,0
2026-03-17 12:06:14,30.7,16.7,100.0,97.0,16.98,0.088,1.5,16.25,0.005,0.08,0,0,88.0,1.35,2,0
2026-03-17 12:06:24,30.7,16.6,100.0,97.0,16.98,0.087,1.48,16.26,0.005,0.08,0,0,88.0,1.58,2,0
2026-03-17 12:06:34,30.8,16.7,100.0,97.0,16.98,0.088,1.5,16.25,0.005,0.08,0,0,88.0,1.61,2,0
2026-03-17 12:06:44,30.8,16.5,100.0,97.0,16.98,0.088,1.49,16.26,0.005,0.08,0,0,88.0,1.36,2,0
2026-03-17 12:06:54,30.8,16.2,100.0,97.0,16.98,0.088,1.49,16.26,0.005,0.08,0,0,88.0,1.46,2,0
2026-03-17 12:07:05,30.8,16.7,100.0,97.0,16.98,0.088,1.5,16.26,0.005,0.08,0,0,88.0,1.44,2,0
2026-03-17 12:07:15,30.9,16.2,100.0,97.0,16.98,0.088,1.49,16.26,0.005,0.08,0,0,88.0,1.47,2,0
2026-03-17 12:07:25,30.9,16.0,100.0,97.0,16.98,0.088,1.5,16.26,0.005,0.08,0,0,88.0,1.36,2,0
2026-03-17 12:07:35,31.0,16.2,100.0,97.0,16.98,0.088,1.5,16.26,0.005,0.08,0,0,88.0,1.48,2,0
2026-03-17 12:07:45,31.0,16.0,100.0,97.0,16.98,0.088,1.49,16.26,0.005,0.08,0,0,88.0,1.54,2,0
2026-03-17 12:07:55,31.0,16.0,100.0,97.0,16.98,0.088,1.5,16.26,0.005,0.08,0,0,88.0,1.44,2,0
2026-03-17 12:08:05,31.1,15.9,100.0,97.0,16.98,0.088,1.5,16.26,0.005,0.08,0,0,88.0,1.43,2,0
2026-03-17 12:08:15,31.2,16.2,100.0,97.0,16.98,0.088,1.49,16.26,0.005,0.08,0,0,88.0,1.56,2,0
2026-03-17 12:08:26,31.1,16.0,100.0,97.0,16.98,0.089,1.51,16.26,0.005,0.08,0,0,88.0,1.59,2,0
2026-03-17 12:08:36,31.1,16.0,100.0,97.0,16.99,0.089,1.51,16.26,0.005,0.08,0,0,88.0,1.53,2,0
2026-03-17 12:08:46,31.2,16.0,100.0,97.0,16.98,0.089,1.51,16.26,0.005,0.08,0,0,88.0,1.58,2,0
2026-03-17 12:08:56,31.2,15.9,100.0,97.0,16.98,0.089,1.51,16.26,0.005,0.08,0,0,88.0,1.62,2,0
2026-03-17 12:09:06,31.2,15.8,100.0,97.0,16.98,0.089,1.51,16.26,0.005,0.08,0,0,88.0,1.38,2,0
2026-03-17 12:09:16,31.2,15.7,100.0,97.0,16.98,0.089,1.51,16.26,0.005,0.08,0,0,88.0,1.53,2,0
2026-03-17 12:09:26,31.2,15.7,100.0,97.0,16.98,0.09,1.52,16.26,0.005,0.08,0,0,88.0,1.49,2,0
2026-03-17 12:09:37,31.2,15.6,100.0,97.0,16.98,0.089,1.51,16.26,0.005,0.08,0,0,88.0,1.39,2,0
2026-03-17 12:09:47,31.3,15.6,100.0,97.0,16.98,0.089,1.51,16.26,0.005,0.08,0,0,88.0,1.38,2,0
2026-03-17 12:09:57,31.4,15.7,100.0,97.0,16.98,0.089,1.51,16.26,0.005,0.08,0,0,88.0,1.54,2,0
2026-03-17 12:10:07,31.4,15.9,100.0,97.0,16.98,0.09,1.52,16.26,0.005,0.08,0,0,88.0,1.47,2,0
2026-03-17 12:10:17,31.4,15.5,100.0,97.0,16.98,0.09,1.52,16.26,0.005,0.08,0,0,88.0,1.54,2,0
2026-03-17 12:10:27,31.3,15.4,100.0,97.0,16.99,0.09,1.52,16.26,0.005,0.08,0,0,88.0,1.46,2,0
2026-03-17 12:10:37,31.4,15.5,100.0,97.0,16.98,0.09,1.53,16.26,0.005,0.08,0,0,88.0,1.41,2,0
2026-03-17 12:10:48,31.5,15.5,100.0,97.0,16.98,0.09,1.53,16.26,0.005,0.08,0,0,88.0,1.63,2,0
2026-03-17 12:10:58,31.4,15.4,100.0,97.0,16.99,0.09,1.54,16.26,0.005,0.08,0,0,88.0,1.6,2,0
2026-03-17 12:11:08,31.5,15.4,100.0,97.0,16.98,0.091,1.55,16.26,0.005,0.08,0,0,88.0,1.52,2,0
2026-03-17 12:11:18,31.5,15.5,100.0,97.0,17.0,0.091,1.55,16.26,0.005,0.08,0,0,88.0,1.66,2,0
2026-03-17 12:11:28,31.5,15.5,100.0,97.0,16.99,0.091,1.55,16.26,0.005,0.08,0,0,88.0,1.49,2,0
2026-03-17 12:11:38,31.5,15.5,100.0,97.0,16.99,0.091,1.55,16.26,0.005,0.08,0,0,88.0,1.65,2,0
2026-03-17 12:11:48,31.6,15.4,100.0,97.0,16.99,0.091,1.55,16.26,0.005,0.08,0,0,88.0,1.57,2,0
2026-03-17 12:11:58,31.6,15.3,100.0,97.0,16.99,0.091,1.55,16.26,0.005,0.08,0,0,88.0,1.66,2,0
2026-03-17 12:12:09,31.6,15.3,100.0,97.0,16.99,0.092,1.56,16.26,0.005,0.08,0,0,88.0,1.51,2,0
2026-03-17 12:12:19,31.7,15.2,100.0,97.0,16.99,0.092,1.56,16.26,0.005,0.08,0,0,88.0,1.59,2,0
2026-03-17 12:12:29,31.7,15.3,100.0,97.0,17.0,0.092,1.56,16.26,0.005,0.08,0,0,88.0,1.61,2,0
2026-03-17 12:12:39,31.6,15.2,100.0,97.0,16.99,0.092,1.56,16.26,0.005,0.08,0,0,88.0,1.56,2,0
2026-03-17 12:12:49,31.7,15.3,100.0,97.0,17.0,0.092,1.56,16.26,0.005,0.08,0,0,88.0,1.68,2,0
2026-03-17 12:12:59,31.8,15.3,100.0,97.0,16.99,0.092,1.56,16.26,0.005,0.08,0,0,88.0,1.55,2,0
2026-03-17 12:13:09,31.7,15.3,100.0,97.0,16.99,0.092,1.56,16.26,0.005,0.08,0,0,88.0,1.47,2,0
2026-03-17 12:13:20,31.7,15.2,100.0,97.0,16.94,0.076,1.29,16.25,0.005,0.08,0,0,88.0,1.21,2,0
2026-03-17 12:13:30,31.8,15.1,100.0,97.0,16.94,0.076,1.29,16.26,0.005,0.08,0,0,88.0,1.35,2,0
2026-03-17 12:13:40,31.8,15.1,100.0,97.0,16.94,0.077,1.3,16.25,0.005,0.08,0,0,88.0,1.34,2,0
2026-03-17 12:13:50,31.7,15.0,100.0,97.0,16.94,0.077,1.3,16.26,0.005,0.08,0,0,88.0,1.21,2,0
2026-03-17 12:14:00,31.9,15.0,100.0,97.0,16.94,0.077,1.3,16.26,0.005,0.08,0,0,88.0,1.27,2,0
2026-03-17 12:14:10,31.8,15.1,100.0,97.0,16.95,0.077,1.3,16.25,0.005,0.08,0,0,88.0,1.27,2,0
2026-03-17 12:14:20,31.9,15.1,100.0,97.0,16.94,0.077,1.3,16.26,0.005,0.08,0,0,88.0,1.29,2,0
2026-03-17 12:14:31,31.8,15.0,100.0,97.0,16.95,0.077,1.3,16.25,0.005,0.08,0,0,88.0,1.39,2,0
2026-03-17 12:14:41,31.9,14.9,100.0,97.0,16.94,0.077,1.3,16.26,0.005,0.08,0,0,88.0,1.4,2,0
2026-03-17 12:14:51,31.9,14.9,100.0,98.0,16.94,0.076,1.29,16.25,0.005,0.08,0,0,88.0,1.34,2,0
2026-03-17 12:15:01,31.9,15.1,100.0,97.0,16.94,0.076,1.29,16.26,0.005,0.08,0,0,88.0,1.21,2,0
2026-03-17 12:15:11,31.9,15.0,100.0,98.0,16.94,0.076,1.29,16.25,0.005,0.08,0,0,88.0,1.19,2,0
2026-03-17 12:15:21,31.9,15.1,100.0,98.0,16.94,0.076,1.29,16.26,0.005,0.08,0,0,88.0,1.32,2,0
2026-03-17 12:15:31,32.0,15.0,100.0,98.0,16.94,0.076,1.29,16.25,0.005,0.08,0,0,88.0,1.41,2,0
2026-03-17 12:15:41,31.9,15.1,100.0,98.0,16.94,0.076,1.29,16.26,0.005,0.08,0,0,88.0,1.2,2,0
2026-03-17 12:15:52,31.9,15.1,100.0,98.0,16.94,0.076,1.29,16.26,0.005,0.08,0,0,88.0,1.25,2,0
2026-03-17 12:16:02,31.9,15.0,100.0,98.0,16.94,0.076,1.29,16.25,0.005,0.08,0,0,88.0,1.35,2,0
2026-03-17 12:16:12,32.0,14.9,100.0,98.0,16.94,0.076,1.29,16.26,0.005,0.08,0,0,88.0,1.41,2,0
2026-03-17 12:16:22,32.0,14.9,100.0,98.0,16.95,0.077,1.3,16.25,0.005,0.08,0,0,88.0,1.36,2,0
2026-03-17 12:16:32,32.0,14.8,100.0,98.0,16.94,0.077,1.3,16.26,0.005,0.08,0,0,88.0,1.31,2,0
2026-03-17 12:16:42,32.0,14.8,100.0,98.0,16.94,0.076,1.29,16.25,0.005,0.08,0,0,88.0,1.3,2,0
2026-03-17 12:16:52,32.0,14.9,100.0,98.0,16.94,0.077,1.3,16.25,0.005,0.08,0,0,88.0,1.34,2,0
2026-03-17 12:17:03,32.0,14.8,100.0,98.0,16.94,0.077,1.3,16.26,0.005,0.08,0,0,88.0,1.29,2,0
2026-03-17 12:17:13,32.0,14.9,100.0,98.0,16.94,0.077,1.3,16.25,0.005,0.08,0,0,88.0,1.37,2,0
2026-03-17 12:17:23,32.1,15.1,100.0,98.0,16.94,0.076,1.29,16.26,0.005,0.08,0,0,88.0,1.25,2,0
2026-03-17 12:17:33,32.0,15.1,100.0,98.0,16.94,0.075,1.27,16.25,0.005,0.08,0,0,88.0,1.37,2,0
2026-03-17 12:17:43,32.1,15.2,100.0,98.0,16.94,0.074,1.26,16.26,0.005,0.08,0,0,88.0,1.27,2,0
2026-03-17 12:17:53,32.1,15.1,100.0,98.0,16.94,0.074,1.26,16.25,0.005,0.08,0,0,88.0,1.15,2,0
2026-03-17 12:18:03,32.1,15.0,100.0,98.0,16.94,0.074,1.25,16.25,0.005,0.08,0,0,88.0,1.14,2,0
2026-03-17 12:18:13,32.1,15.1,100.0,98.0,16.93,0.074,1.25,16.26,0.005,0.08,0,0,88.0,1.17,2,0
2026-03-17 12:18:24,32.1,15.1,100.0,98.0,16.93,0.073,1.23,16.25,0.005,0.08,0,0,88.0,1.14,2,0
2026-03-17 12:18:34,32.1,14.9,100.0,98.0,16.93,0.072,1.22,16.24,0.005,0.08,0,0,88.0,1.22,2,0
2026-03-17 12:18:44,32.1,14.9,100.0,98.0,16.93,0.072,1.22,16.25,0.005,0.08,0,0,88.0,1.11,2,0
2026-03-17 12:18:54,32.2,14.8,100.0,98.0,16.92,0.071,1.21,16.25,0.005,0.08,0,0,88.0,1.2,2,0
2026-03-17 12:19:04,32.2,14.8,100.0,98.0,16.93,0.071,1.21,16.25,0.005,0.08,0,0,88.0,1.11,2,0
2026-03-17 12:19:14,32.2,14.8,100.0,98.0,16.92,0.07,1.19,16.25,0.005,0.08,0,0,88.0,1.23,2,0
2026-03-17 12:19:24,32.2,14.8,100.0,98.0,16.93,0.07,1.18,16.24,0.005,0.08,0,0,88.0,1.15,2,0
2026-03-17 12:19:35,32.2,14.8,100.0,98.0,16.91,0.069,1.16,16.26,0.005,0.08,0,0,88.0,1.21,2,0
2026-03-17 12:19:45,32.2,14.8,100.0,98.0,16.92,0.069,1.16,16.24,0.005,0.08,0,0,88.0,1.08,2,0
2026-03-17 12:19:55,32.3,14.7,100.0,98.0,16.91,0.068,1.15,16.26,0.005,0.08,0,0,88.0,1.06,2,0
2026-03-17 12:20:05,32.3,14.6,100.0,98.0,16.91,0.068,1.15,16.25,0.005,0.08,0,0,88.0,1.19,2,0
2026-03-17 12:20:15,32.3,14.7,100.0,98.0,16.92,0.068,1.15,16.25,0.005,0.08,0,0,88.0,1.23,2,0
2026-03-17 12:20:25,32.3,14.6,100.0,98.0,16.9,0.067,1.14,16.26,0.005,0.08,0,0,88.0,1.18,2,0
2026-03-17 12:20:35,32.3,14.7,100.0,98.0,16.91,0.067,1.14,16.24,0.005,0.08,0,0,88.0,1.03,2,0
2026-03-17 12:20:46,32.3,14.7,100.0,98.0,16.9,0.067,1.14,16.26,0.005,0.08,0,0,88.0,1.25,2,0
2026-03-17 12:20:56,32.3,14.6,100.0,98.0,16.91,0.066,1.12,16.24,0.005,0.08,0,0,88.0,1.07,2,0
2026-03-17 12:21:06,32.3,14.7,100.0,98.0,16.9,0.067,1.14,16.25,0.005,0.08,0,0,88.0,1.11,2,0
2026-03-17 12:21:16,32.3,14.7,100.0,98.0,16.91,0.066,1.12,16.25,0.005,0.08,0,0,88.0,1.03,2,0
2026-03-17 12:21:26,32.3,14.6,100.0,98.0,16.9,0.066,1.12,16.25,0.005,0.08,0,0,88.0,1.14,2,0
2026-03-17 12:21:36,32.3,14.5,100.0,98.0,16.91,0.066,1.12,16.24,0.005,0.08,0,0,88.0,1.08,2,0
2026-03-17 12:21:46,32.2,14.6,100.0,98.0,16.9,0.066,1.11,16.25,0.005,0.08,0,0,88.0,1.03,2,0
2026-03-17 12:21:56,32.3,14.6,100.0,98.0,16.91,0.066,1.11,16.24,0.005,0.08,0,0,88.0,1.0,2,0
2026-03-17 12:22:07,32.3,14.7,100.0,98.0,16.9,0.066,1.11,16.25,0.005,0.08,0,0,88.0,1.14,2,0
2026-03-17 12:22:17,32.2,14.6,100.0,98.0,16.91,0.066,1.11,16.24,0.005,0.08,0,0,88.0,1.07,2,0
2026-03-17 12:22:27,32.2,14.6,100.0,98.0,16.9,0.066,1.11,16.25,0.005,0.08,0,0,88.0,1.12,2,0
2026-03-17 12:22:37,32.3,14.6,100.0,98.0,16.9,0.066,1.12,16.24,0.005,0.08,0,0,88.0,1.17,2,0
2026-03-17 12:22:47,32.2,14.6,100.0,98.0,16.9,0.066,1.12,16.25,0.005,0.08,0,0,88.0,1.22,2,0
2026-03-17 12:22:57,32.3,14.5,100.0,98.0,16.91,0.066,1.12,16.24,0.005,0.08,0,0,88.0,1.22,2,0
2026-03-17 12:23:07,32.3,14.6,100.0,98.0,16.9,0.066,1.12,16.25,0.005,0.08,0,0,88.0,1.2,2,0
2026-03-17 12:23:18,32.2,14.5,100.0,98.0,16.91,0.067,1.14,16.24,0.005,0.08,0,0,88.0,1.16,2,0
2026-03-17 12:23:28,32.2,14.5,100.0,98.0,16.9,0.068,1.15,16.25,0.005,0.08,0,0,88.0,1.14,2,0
2026-03-17 12:23:38,32.2,14.5,100.0,98.0,16.91,0.068,1.15,16.24,0.005,0.08,0,0,88.0,1.26,2,0
2026-03-17 12:23:48,32.3,14.5,100.0,98.0,16.91,0.068,1.15,16.25,0.005,0.08,0,0,88.0,1.21,2,0
2026-03-17 12:23:58,32.3,14.5,100.0,98.0,16.92,0.068,1.15,16.25,0.005,0.08,0,0,88.0,1.05,2,0
2026-03-17 12:24:08,32.2,14.6,100.0,98.0,16.91,0.069,1.16,16.25,0.005,0.08,0,0,88.0,1.09,2,0
2026-03-17 12:24:18,32.2,14.5,100.0,98.0,16.92,0.07,1.18,16.25,0.005,0.08,0,0,88.0,1.09,2,0
2026-03-17 12:24:29,32.3,14.5,100.0,98.0,16.92,0.07,1.19,16.25,0.005,0.08,0,0,88.0,1.13,2,0
2026-03-17 12:24:39,32.3,14.5,100.0,98.0,16.93,0.07,1.19,16.24,0.005,0.08,0,0,88.0,1.08,2,0
2026-03-17 12:24:49,32.3,14.5,100.0,98.0,16.92,0.071,1.21,16.26,0.005,0.08,0,0,88.0,1.16,2,0
2026-03-17 12:24:59,32.3,14.5,100.0,98.0,16.92,0.071,1.21,16.25,0.005,0.08,0,0,88.0,1.24,2,0
2026-03-17 12:25:09,32.3,14.6,100.0,98.0,16.93,0.071,1.21,16.24,0.005,0.08,0,0,88.0,1.27,2,0
2026-03-17 12:25:19,32.3,14.6,100.0,98.0,16.93,0.072,1.22,16.25,0.005,0.08,0,0,88.0,1.13,2,0
2026-03-17 12:25:29,32.4,14.6,100.0,98.0,16.93,0.072,1.22,16.26,0.005,0.08,0,0,88.0,1.31,2,0
2026-03-17 12:25:39,32.3,14.5,100.0,98.0,16.94,0.073,1.23,16.24,0.005,0.08,0,0,88.0,1.15,2,0
2026-03-17 12:25:50,32.4,14.5,100.0,98.0,16.93,0.074,1.25,16.26,0.005,0.08,0,0,88.0,1.27,2,0
2026-03-17 12:26:00,32.4,14.5,100.0,98.0,16.94,0.074,1.25,16.25,0.005,0.08,0,0,88.0,1.14,2,0
2026-03-17 12:26:10,32.4,14.5,100.0,98.0,16.94,0.074,1.26,16.25,0.005,0.08,0,0,88.0,1.24,2,0
2026-03-17 12:26:20,32.4,14.7,100.0,98.0,16.94,0.075,1.27,16.26,0.005,0.08,0,0,88.0,1.21,2,0
2026-03-17 12:26:30,32.5,14.8,100.0,98.0,16.94,0.075,1.27,16.26,0.005,0.08,0,0,88.0,1.25,2,0
2026-03-17 12:26:40,32.5,14.9,100.0,98.0,16.94,0.075,1.27,16.25,0.005,0.08,0,0,88.0,1.36,2,0
2026-03-17 12:26:50,32.5,14.9,100.0,98.0,16.94,0.076,1.29,16.26,0.005,0.08,0,0,88.0,1.28,2,0
2026-03-17 12:27:01,32.4,14.8,100.0,98.0,16.94,0.075,1.27,16.26,0.005,0.08,0,0,88.0,1.31,2,0
2026-03-17 12:27:11,32.5,14.7,100.0,98.0,16.94,0.074,1.26,16.25,0.005,0.08,0,0,88.0,1.16,2,0
2026-03-17 12:27:21,32.5,14.6,100.0,98.0,16.94,0.074,1.26,16.25,0.005,0.08,0,0,88.0,1.24,2,0
2026-03-17 12:27:31,32.5,14.5,100.0,98.0,16.93,0.074,1.26,16.26,0.005,0.08,0,0,88.0,1.15,2,0
2026-03-17 12:27:41,32.5,14.7,100.0,98.0,16.94,0.074,1.26,16.25,0.005,0.08,0,0,88.0,1.21,2,0
2026-03-17 12:27:51,32.5,14.6,100.0,98.0,16.94,0.074,1.26,16.26,0.005,0.08,0,0,88.0,1.38,2,0
2026-03-17 12:28:01,32.5,14.5,100.0,98.0,16.94,0.074,1.26,16.25,0.005,0.08,0,0,88.0,1.29,2,0
2026-03-17 12:28:11,32.6,14.5,100.0,98.0,16.94,0.074,1.26,16.25,0.005,0.08,0,0,88.0,1.35,2,0
2026-03-17 12:28:22,32.6,14.5,100.0,98.0,16.93,0.074,1.26,16.26,0.005,0.08,0,0,88.0,1.14,2,0
2026-03-17 12:28:32,32.6,14.5,100.0,98.0,16.94,0.074,1.25,16.25,0.005,0.08,0,0,88.0,1.37,2,0
2026-03-17 12:28:42,32.5,14.4,100.0,98.0,16.94,0.074,1.25,16.25,0.005,0.08,0,0,88.0,1.31,2,0
2026-03-17 12:28:52,32.5,14.4,100.0,98.0,16.93,0.074,1.25,16.25,0.005,0.08,0,0,88.0,1.14,2,0
2026-03-17 12:29:02,32.5,14.4,100.0,98.0,16.94,0.074,1.25,16.25,0.005,0.08,0,0,88.0,1.19,2,0
2026-03-17 12:29:12,32.5,14.5,100.0,98.0,16.93,0.074,1.25,16.26,0.005,0.08,0,0,88.0,1.29,2,0
2026-03-17 12:29:22,32.5,14.5,100.0,98.0,16.94,0.074,1.25,16.25,0.005,0.08,0,0,88.0,1.32,2,0
2026-03-17 12:29:33,32.5,14.4,100.0,98.0,16.94,0.074,1.25,16.26,0.005,0.08,0,0,88.0,1.24,2,0
2026-03-17 12:29:43,32.6,14.5,100.0,98.0,16.93,0.074,1.25,16.25,0.005,0.08,0,0,88.0,1.36,2,0
2026-03-17 12:29:53,32.5,14.4,100.0,98.0,16.94,0.074,1.25,16.25,0.005,0.08,0,0,88.0,1.14,2,0
2026-03-17 12:30:03,32.6,14.5,100.0,98.0,16.93,0.074,1.25,16.26,0.005,0.08,0,0,88.0,1.17,2,0
2026-03-17 12:30:13,32.5,14.4,100.0,98.0,16.94,0.074,1.25,16.25,0.005,0.08,0,0,88.0,1.23,2,0
2026-03-17 12:30:23,32.5,14.4,100.0,98.0,16.94,0.074,1.26,16.25,0.005,0.08,0,0,88.0,1.37,2,0
2026-03-17 12:30:33,32.5,14.4,100.0,98.0,16.93,0.074,1.26,16.26,0.005,0.08,0,0,88.0,1.2,2,0
2026-03-17 12:30:44,32.5,14.4,100.0,98.0,16.94,0.074,1.26,16.25,0.005,0.08,0,0,88.0,1.38,2,0
2026-03-17 12:30:54,32.5,14.9,100.0,98.0,16.94,0.075,1.27,16.26,0.005,0.08,0,0,88.0,1.3,2,0
2026-03-17 12:31:04,32.5,14.9,100.0,98.0,16.94,0.075,1.27,16.26,0.005,0.08,0,0,88.0,1.29,2,0
2026-03-17 12:31:14,32.6,14.8,100.0,98.0,16.94,0.075,1.27,16.25,0.005,0.08,0,0,88.0,1.35,2,0
2026-03-17 12:31:24,32.5,14.6,100.0,98.0,16.94,0.075,1.27,16.26,0.005,0.08,0,0,88.0,1.28,2,0
2026-03-17 12:31:34,32.5,14.6,100.0,98.0,16.94,0.075,1.27,16.25,0.005,0.08,0,0,88.0,1.34,2,0
2026-03-17 12:31:44,32.5,14.5,100.0,98.0,16.94,0.075,1.27,16.26,0.005,0.08,0,0,88.0,1.29,2,0
2026-03-17 12:31:54,32.6,14.5,100.0,98.0,16.94,0.075,1.27,16.25,0.005,0.08,0,0,88.0,1.19,2,0
2026-03-17 12:32:05,32.6,14.5,100.0,98.0,16.94,0.075,1.27,16.26,0.005,0.08,0,0,88.0,1.16,2,0
2026-03-17 12:32:15,32.5,14.5,100.0,98.0,16.94,0.075,1.27,16.25,0.005,0.08,0,0,88.0,1.23,2,0
2026-03-17 12:32:25,32.6,14.5,100.0,98.0,16.94,0.076,1.29,16.26,0.005,0.08,0,0,88.0,1.39,2,0
2026-03-17 12:32:40,32.6,14.6,100.0,98.0,16.94,0.076,1.29,16.25,0.005,0.08,0,0,88,0.0,2,0
2026-03-17 12:32:49,32.6,14.6,100.0,98.0,16.94,0.076,1.29,16.26,0.005,0.08,0,0,88,0.0,2,0
2026-03-17 12:32:59,32.6,14.7,100.0,98.0,16.94,0.076,1.29,16.25,0.005,0.08,0,0,88,0.0,2,0
2026-03-17 12:33:09,32.6,14.7,100.0,98.0,16.94,0.077,1.3,16.26,0.005,0.08,0,0,88,0.0,2,0
2026-03-17 12:33:19,32.6,14.6,100.0,98.0,16.94,0.076,1.29,16.25,0.005,0.08,0,0,88,0.0,2,0
2026-03-17 12:33:29,32.6,14.5,100.0,98.0,16.94,0.077,1.3,16.26,0.005,0.08,0,0,88,0.0,2,0
2026-03-17 12:33:40,32.7,14.5,100.0,98.0,16.94,0.077,1.3,16.26,0.005,0.08,0,0,88,0.0,2,0
2026-03-17 12:33:50,32.7,14.5,100.0,98.0,16.94,0.077,1.3,16.25,0.005,0.08,0,0,88,0.0,2,0
2026-03-17 12:34:00,32.7,14.5,100.0,98.0,16.94,0.077,1.3,16.25,0.005,0.08,0,0,88,0.0,2,0
2026-03-17 12:34:10,32.7,14.5,100.0,98.0,16.94,0.077,1.3,16.26,0.005,0.08,0,0,88,0.0,2,0
2026-03-17 12:34:20,32.7,14.5,100.0,98.0,16.94,0.077,1.3,16.26,0.005,0.08,0,0,88,0.0,2,0
2026-03-17 12:34:30,32.7,14.6,100.0,98.0,16.95,0.077,1.3,16.25,0.005,0.08,0,0,88,0.0,2,0
2026-03-17 12:34:40,32.7,14.6,100.0,98.0,16.94,0.078,1.31,16.26,0.005,0.08,0,0,88,0.0,2,0
2026-03-17 12:34:51,32.7,14.6,100.0,98.0,16.94,0.078,1.31,16.26,0.005,0.08,0,0,88,0.0,2,0
2026-03-17 12:35:01,32.7,14.5,100.0,98.0,16.95,0.078,1.31,16.25,0.005,0.08,0,0,88,0.0,2,0
2026-03-17 12:35:11,32.7,14.5,100.0,98.0,16.95,0.078,1.31,16.26,0.005,0.08,0,0,88,0.0,2,0
2026-03-17 12:35:21,32.7,14.4,100.0,98.0,16.94,0.078,1.33,16.26,0.005,0.08,0,0,88,0.0,2,0
2026-03-17 12:35:31,32.8,14.5,100.0,98.0,16.95,0.078,1.33,16.25,0.005,0.08,0,0,88,0.0,2,0
2026-03-17 12:35:41,32.7,14.4,100.0,98.0,16.95,0.079,1.34,16.26,0.005,0.08,0,0,88,0.0,2,0
2026-03-17 12:35:51,32.7,14.4,100.0,98.0,16.95,0.079,1.34,16.26,0.005,0.08,0,0,88,0.0,2,0
2026-03-17 12:36:01,32.8,14.4,100.0,98.0,16.95,0.079,1.34,16.25,0.005,0.08,0,0,88,0.0,2,0
2026-03-17 12:36:12,32.8,14.4,100.0,98.0,16.95,0.079,1.34,16.26,0.005,0.08,0,0,88,0.0,2,0
2026-03-17 12:36:22,32.8,14.4,100.0,98.0,16.95,0.079,1.34,16.26,0.005,0.08,0,0,88,0.0,2,0
2026-03-17 12:36:32,32.8,14.4,100.0,98.0,16.95,0.079,1.34,16.25,0.005,0.08,0,0,88,0.0,2,0
2026-03-17 12:36:42,32.8,14.5,100.0,98.0,16.95,0.078,1.33,16.26,0.005,0.08,0,0,88,0.0,2,0
2026-03-17 12:36:52,32.8,14.4,100.0,98.0,16.94,0.078,1.33,16.26,0.005,0.08,0,0,88,0.0,2,0
2026-03-17 12:37:23,32.8,14.4,100.0,98.0,16.95,0.078,1.33,16.25,0.005,0.08,0,0,88.0,1.32,2,0
2026-03-17 12:37:32,32.8,14.5,100.0,98.0,16.95,0.078,1.33,16.26,0.005,0.08,0,0,88.0,1.4,2,0
2026-03-17 12:37:42,32.8,14.4,100.0,98.0,16.94,0.078,1.33,16.26,0.005,0.08,0,0,88.0,1.38,2,0
2026-03-17 12:37:52,32.8,14.4,100.0,98.0,16.95,0.078,1.33,16.25,0.005,0.08,0,0,88.0,1.34,2,0
2026-03-17 12:38:02,32.8,14.4,100.0,98.0,16.95,0.078,1.33,16.26,0.005,0.08,0,0,88.0,1.38,2,0
2026-03-17 12:38:12,32.9,14.4,100.0,98.0,16.94,0.078,1.33,16.26,0.005,0.08,0,0,88.0,1.38,2,0
2026-03-17 12:38:22,32.8,14.4,100.0,98.0,16.94,0.078,1.33,16.25,0.005,0.08,0,0,88.0,1.31,2,0
2026-03-17 12:38:32,32.9,14.3,100.0,98.0,16.95,0.078,1.33,16.25,0.005,0.08,0,0,88.0,1.41,2,0
2026-03-17 12:38:43,32.9,14.4,100.0,98.0,16.95,0.078,1.31,16.26,0.005,0.08,0,0,88.0,1.35,2,0
2026-03-17 12:38:53,32.9,14.4,100.0,97.0,16.94,0.078,1.31,16.26,0.005,0.08,0,0,88.0,1.44,2,0
2026-03-17 12:39:03,32.9,14.4,100.0,97.0,16.94,0.078,1.31,16.25,0.005,0.08,0,0,88.0,1.33,2,0
2026-03-17 12:39:13,32.9,14.4,100.0,97.0,16.94,0.077,1.3,16.25,0.005,0.08,0,0,88.0,1.33,2,0
2026-03-17 12:39:23,32.9,14.4,100.0,97.0,16.94,0.076,1.29,16.25,0.005,0.08,0,0,88.0,1.17,2,0
2026-03-17 12:39:33,32.9,14.4,100.0,97.0,16.94,0.075,1.27,16.26,0.005,0.08,0,0,88.0,1.2,2,0
2026-03-17 12:39:43,32.9,14.4,100.0,97.0,16.94,0.075,1.27,16.25,0.005,0.08,0,0,88.0,1.39,2,0
2026-03-17 12:39:54,32.9,14.4,100.0,97.0,16.94,0.074,1.26,16.26,0.005,0.08,0,0,88.0,1.38,2,0
2026-03-17 12:40:04,32.9,14.5,100.0,97.0,16.93,0.074,1.25,16.26,0.005,0.08,0,0,88.0,1.33,2,0
2026-03-17 12:40:14,32.9,14.5,100.0,97.0,16.94,0.073,1.23,16.25,0.005,0.08,0,0,88.0,1.28,2,0
2026-03-17 12:40:24,33.0,14.4,100.0,97.0,16.93,0.072,1.22,16.25,0.005,0.08,0,0,88.0,1.18,2,0
2026-03-17 12:40:34,32.9,14.4,100.0,97.0,16.92,0.071,1.21,16.26,0.005,0.08,0,0,88.0,1.1,2,0
2026-03-17 12:40:44,33.0,14.4,100.0,97.0,16.92,0.07,1.19,16.25,0.005,0.08,0,0,88.0,1.3,2,0
2026-03-17 12:40:54,32.9,14.3,100.0,97.0,16.92,0.07,1.18,16.24,0.005,0.08,0,0,88.0,1.18,2,0
2026-03-17 12:41:05,32.9,14.4,100.0,97.0,16.92,0.07,1.18,16.25,0.005,0.08,0,0,88.0,1.24,2,0
2026-03-17 12:41:15,33.0,14.3,100.0,97.0,16.91,0.069,1.16,16.26,0.005,0.08,0,0,88.0,1.08,2,0
2026-03-17 12:41:25,32.9,14.3,100.0,97.0,16.9,0.068,1.15,16.25,0.005,0.08,0,0,88.0,1.24,2,0
2026-03-17 12:41:35,32.9,14.3,100.0,97.0,16.91,0.067,1.14,16.25,0.005,0.08,0,0,88.0,1.17,2,0
2026-03-17 12:41:45,32.9,14.3,100.0,97.0,16.91,0.066,1.12,16.24,0.005,0.08,0,0,88.0,1.22,2,0
2026-03-17 12:41:55,32.9,14.3,100.0,97.0,16.9,0.066,1.11,16.25,0.005,0.08,0,0,88.0,1.07,2,0
2026-03-17 12:42:05,32.9,14.4,100.0,97.0,16.9,0.066,1.11,16.25,0.005,0.08,0,0,88.0,1.18,2,0
2026-03-17 12:42:15,32.9,14.4,100.0,97.0,16.9,0.066,1.11,16.25,0.005,0.08,0,0,88.0,1.13,2,0
2026-03-17 12:42:26,32.9,14.5,100.0,97.0,16.9,0.066,1.11,16.24,0.005,0.08,0,0,88.0,1.08,2,0
2026-03-17 12:42:36,32.9,14.5,100.0,97.0,16.9,0.065,1.09,16.25,0.005,0.08,0,0,88.0,1.06,2,0
2026-03-17 12:42:46,32.9,14.5,100.0,97.0,16.9,0.065,1.09,16.25,0.005,0.08,0,0,88.0,1.2,2,0
2026-03-17 12:42:56,32.9,14.7,100.0,97.0,16.9,0.065,1.09,16.24,0.005,0.08,0,0,88.0,1.04,2,0
2026-03-17 12:43:06,32.9,14.7,100.0,97.0,16.9,0.065,1.09,16.24,0.005,0.08,0,0,88.0,1.08,2,0
2026-03-17 12:43:16,32.9,14.7,100.0,97.0,16.9,0.065,1.09,16.25,0.005,0.08,0,0,88.0,1.14,2,0
2026-03-17 12:43:26,32.8,14.7,100.0,97.0,16.9,0.065,1.09,16.25,0.005,0.08,0,0,88.0,1.1,2,0
2026-03-17 12:43:37,32.8,14.5,100.0,97.0,16.9,0.066,1.11,16.25,0.005,0.08,0,0,88.0,1.21,2,0
2026-03-17 12:43:47,32.8,14.6,100.0,97.0,16.9,0.066,1.11,16.25,0.005,0.08,0,0,88.0,1.01,2,0
2026-03-17 12:43:57,32.8,14.5,100.0,97.0,16.9,0.066,1.11,16.24,0.005,0.08,0,0,88.0,1.14,2,0
2026-03-17 12:44:07,32.8,14.5,100.0,97.0,16.91,0.066,1.12,16.24,0.005,0.08,0,0,88.0,1.14,2,0
2026-03-17 12:44:17,32.8,14.5,100.0,97.0,16.9,0.066,1.12,16.25,0.005,0.08,0,0,88.0,1.2,2,0
2026-03-17 12:44:27,32.8,14.4,100.0,97.0,16.9,0.066,1.12,16.25,0.005,0.08,0,0,88.0,1.18,2,0
2026-03-17 12:44:37,32.7,14.5,100.0,97.0,16.91,0.067,1.14,16.25,0.005,0.08,0,0,88.0,1.14,2,0
2026-03-17 12:44:48,32.7,14.5,100.0,97.0,16.91,0.067,1.14,16.25,0.005,0.08,0,0,88.0,1.22,2,0
2026-03-17 12:44:58,32.7,14.5,100.0,97.0,16.91,0.068,1.15,16.25,0.005,0.08,0,0,88.0,1.09,2,0
2026-03-17 12:45:08,32.8,14.5,100.0,97.0,16.91,0.068,1.15,16.25,0.005,0.08,0,0,88.0,1.21,2,0
2026-03-17 12:45:18,32.7,14.6,100.0,97.0,16.92,0.068,1.15,16.24,0.005,0.08,0,0,88.0,1.16,2,0
2026-03-17 12:45:28,32.7,14.6,100.0,97.0,16.91,0.069,1.16,16.25,0.005,0.08,0,0,88.0,1.25,2,0
2026-03-17 12:45:38,32.7,14.6,100.0,97.0,16.91,0.069,1.16,16.26,0.005,0.08,0,0,88.0,1.11,2,0
2026-03-17 12:45:48,32.7,14.7,100.0,97.0,16.92,0.07,1.18,16.25,0.005,0.08,0,0,88.0,1.2,2,0
2026-03-17 12:45:58,32.8,14.7,100.0,97.0,16.92,0.07,1.18,16.24,0.005,0.08,0,0,88.0,1.22,2,0
2026-03-17 12:46:09,32.8,14.6,100.0,97.0,16.93,0.07,1.19,16.25,0.005,0.08,0,0,88.0,1.29,2,0
2026-03-17 12:46:19,32.8,14.5,100.0,97.0,16.92,0.07,1.19,16.26,0.005,0.08,0,0,88.0,1.13,2,0
2026-03-17 12:46:29,32.8,14.5,100.0,97.0,16.92,0.071,1.21,16.25,0.005,0.08,0,0,88.0,1.2,2,0
2026-03-17 12:46:39,32.7,14.5,100.0,97.0,16.92,0.071,1.21,16.25,0.005,0.08,0,0,88.0,1.22,2,0
2026-03-17 12:46:49,32.7,14.5,100.0,97.0,16.93,0.071,1.21,16.25,0.005,0.08,0,0,88.0,1.21,2,0
2026-03-17 12:46:59,32.7,14.5,100.0,97.0,16.92,0.071,1.21,16.26,0.005,0.08,0,0,88.0,1.14,2,0
2026-03-17 12:47:09,32.7,14.6,100.0,97.0,16.92,0.071,1.21,16.25,0.005,0.08,0,0,88.0,1.16,2,0
2026-03-17 12:47:20,32.7,14.7,100.0,97.0,16.93,0.072,1.22,16.25,0.005,0.08,0,0,88.0,1.12,2,0
2026-03-17 12:47:30,32.7,14.6,100.0,97.0,16.93,0.072,1.22,16.25,0.005,0.08,0,0,88.0,1.21,2,0
2026-03-17 12:47:40,32.7,14.5,100.0,97.0,16.92,0.073,1.23,16.26,0.005,0.08,0,0,88.0,1.32,2,0
2026-03-17 12:47:50,32.7,14.5,100.0,97.0,16.93,0.073,1.23,16.25,0.005,0.08,0,0,88.0,1.29,2,0
2026-03-17 12:48:00,32.7,14.6,100.0,97.0,16.94,0.073,1.23,16.25,0.005,0.08,0,0,88.0,1.28,2,0
2026-03-17 12:48:10,32.7,14.6,100.0,97.0,16.94,0.074,1.25,16.26,0.005,0.08,0,0,88.0,1.12,2,0
2026-03-17 12:48:20,32.7,14.6,100.0,97.0,16.93,0.074,1.25,16.26,0.005,0.08,0,0,88.0,1.22,2,0
2026-03-17 12:48:30,32.7,14.6,100.0,97.0,16.94,0.074,1.26,16.25,0.005,0.08,0,0,88.0,1.36,2,0
2026-03-17 12:48:41,32.7,14.6,100.0,97.0,16.94,0.075,1.27,16.25,0.005,0.08,0,0,88.0,1.36,2,0
2026-03-17 12:48:51,32.7,14.6,100.0,97.0,16.94,0.075,1.27,16.25,0.005,0.08,0,0,88.0,1.29,2,0
2026-03-17 12:49:01,32.7,14.5,100.0,97.0,16.94,0.076,1.29,16.26,0.005,0.08,0,0,88.0,1.38,2,0
2026-03-17 12:49:11,32.7,14.6,100.0,97.0,16.94,0.076,1.29,16.25,0.005,0.08,0,0,88.0,1.22,2,0
2026-03-17 12:49:21,32.7,14.5,100.0,97.0,16.94,0.078,1.31,16.25,0.005,0.08,0,0,88.0,1.44,2,0
2026-03-17 12:49:31,32.8,14.5,100.0,97.0,16.94,0.078,1.31,16.26,0.005,0.08,0,0,88.0,1.35,2,0
2026-03-17 12:49:41,32.7,14.5,100.0,97.0,16.94,0.078,1.33,16.26,0.005,0.08,0,0,88.0,1.46,2,0
2026-03-17 12:49:52,32.8,14.6,100.0,97.0,16.95,0.079,1.34,16.25,0.005,0.08,0,0,88.0,1.22,2,0
2026-03-17 12:50:02,32.8,14.5,100.0,97.0,16.96,0.079,1.34,16.25,0.005,0.08,0,0,88.0,1.36,2,0
2026-03-17 12:50:12,32.7,14.5,100.0,97.0,16.95,0.08,1.36,16.26,0.005,0.08,0,0,88.0,1.31,2,0
2026-03-17 12:50:22,32.8,14.5,100.0,97.0,16.95,0.08,1.36,16.26,0.005,0.08,0,0,88.0,1.38,2,0
2026-03-17 12:50:32,32.7,14.4,100.0,97.0,16.95,0.08,1.36,16.26,0.005,0.08,0,0,88.0,1.23,2,0
2026-03-17 12:50:42,32.8,14.5,100.0,97.0,16.96,0.081,1.37,16.25,0.005,0.08,0,0,88.0,1.38,2,0
2026-03-17 12:50:52,32.8,14.5,100.0,97.0,16.96,0.081,1.37,16.26,0.005,0.08,0,0,88.0,1.48,2,0
2026-03-17 12:51:03,32.8,14.4,100.0,97.0,16.95,0.081,1.37,16.26,0.005,0.08,0,0,88.0,1.44,2,0
2026-03-17 12:51:13,32.8,14.4,100.0,97.0,16.95,0.081,1.37,16.26,0.005,0.08,0,0,88.0,1.37,2,0
2026-03-17 12:51:23,32.8,14.5,100.0,97.0,16.96,0.081,1.37,16.25,0.005,0.08,0,0,88.0,1.32,2,0
2026-03-17 12:51:33,32.9,14.5,100.0,97.0,16.96,0.082,1.38,16.25,0.005,0.08,0,0,88.0,1.25,2,0
2026-03-17 12:51:43,32.9,14.5,100.0,97.0,16.96,0.082,1.38,16.26,0.005,0.08,0,0,88.0,1.51,2,0
2026-03-17 12:51:53,32.9,14.4,100.0,97.0,16.96,0.082,1.4,16.26,0.005,0.08,0,0,88.0,1.47,2,0
2026-03-17 12:52:03,32.9,14.5,100.0,97.0,16.96,0.082,1.4,16.26,0.005,0.08,0,0,88.0,1.33,2,0
2026-03-17 12:52:13,32.9,14.5,100.0,97.0,16.97,0.082,1.4,16.25,0.005,0.08,0,0,88.0,1.3,2,0
2026-03-17 12:52:24,32.9,14.4,100.0,97.0,16.97,0.082,1.4,16.26,0.005,0.08,0,0,88.0,1.51,2,0
2026-03-17 12:52:34,32.9,14.4,100.0,97.0,16.96,0.082,1.4,16.26,0.005,0.08,0,0,88.0,1.44,2,0
2026-03-17 12:52:44,32.9,14.4,100.0,97.0,16.96,0.082,1.38,16.26,0.005,0.08,0,0,88.0,1.33,2,0
2026-03-17 12:52:54,32.9,14.4,100.0,97.0,16.96,0.082,1.38,16.25,0.005,0.08,0,0,88.0,1.3,2,0
2026-03-17 12:53:04,33.0,14.4,100.0,97.0,16.96,0.082,1.4,16.26,0.005,0.08,0,0,88.0,1.49,2,0
2026-03-17 12:53:14,33.0,14.4,100.0,97.0,16.96,0.082,1.38,16.26,0.005,0.08,0,0,88.0,1.5,2,0
2026-03-17 12:53:24,33.0,14.3,100.0,97.0,16.96,0.082,1.38,16.26,0.005,0.08,0,0,88.0,1.3,2,0
2026-03-17 12:53:35,33.0,14.4,100.0,97.0,16.96,0.082,1.38,16.25,0.005,0.08,0,0,88.0,1.35,2,0
2026-03-17 12:53:45,33.0,14.4,100.0,97.0,16.96,0.082,1.38,16.26,0.005,0.08,0,0,88.0,1.4,2,0
2026-03-17 12:53:55,33.0,14.4,100.0,97.0,16.96,0.082,1.38,16.26,0.005,0.08,0,0,88.0,1.29,2,0
2026-03-17 12:54:05,33.0,14.4,100.0,97.0,16.96,0.082,1.38,16.25,0.005,0.08,0,0,88.0,1.27,2,0
2026-03-17 12:54:15,33.0,14.3,100.0,97.0,16.96,0.082,1.38,16.26,0.005,0.08,0,0,88.0,1.37,2,0
2026-03-17 12:54:25,33.0,14.3,100.0,97.0,16.95,0.082,1.38,16.26,0.005,0.08,0,0,88.0,1.29,2,0
2026-03-17 12:54:35,33.0,14.4,100.0,97.0,16.96,0.082,1.38,16.26,0.005,0.08,0,0,88.0,1.27,2,0
2026-03-17 12:54:46,33.0,14.5,100.0,97.0,16.96,0.082,1.38,16.25,0.005,0.08,0,0,88.0,1.34,2,0
2026-03-17 12:54:56,33.0,14.5,100.0,97.0,16.96,0.082,1.38,16.26,0.005,0.08,0,0,88.0,1.34,2,0
2026-03-17 12:55:06,33.0,14.5,100.0,97.0,16.95,0.082,1.38,16.26,0.005,0.08,0,0,88.0,1.3,2,0
2026-03-17 12:55:16,33.0,14.4,100.0,97.0,16.96,0.082,1.38,16.26,0.005,0.08,0,0,88.0,1.42,2,0
2026-03-17 12:55:26,32.9,14.4,100.0,96.0,16.96,0.082,1.38,16.25,0.005,0.08,0,0,88.0,1.28,2,0
2026-03-17 12:55:36,32.9,14.4,100.0,96.0,16.96,0.082,1.38,16.26,0.005,0.08,0,0,88.0,1.28,2,0
2026-03-17 12:55:46,32.9,14.4,100.0,96.0,16.96,0.082,1.38,16.26,0.005,0.08,0,0,88.0,1.32,2,0
2026-03-17 12:55:56,32.9,14.4,100.0,96.0,16.96,0.082,1.38,16.26,0.005,0.08,0,0,88.0,1.43,2,0
2026-03-17 12:56:07,32.9,14.5,100.0,96.0,16.96,0.082,1.38,16.25,0.005,0.08,0,0,88.0,1.32,2,0
2026-03-17 12:56:17,32.9,14.3,100.0,96.0,16.97,0.082,1.4,16.26,0.005,0.08,0,0,88.0,1.38,2,0
2026-03-17 12:56:27,32.9,14.4,100.0,96.0,16.96,0.082,1.4,16.26,0.005,0.08,0,0,88.0,1.54,2,0
2026-03-17 12:56:37,32.8,14.3,100.0,96.0,16.96,0.082,1.4,16.26,0.005,0.08,0,0,88.0,1.33,2,0
2026-03-17 12:56:47,32.9,14.3,100.0,96.0,16.96,0.082,1.4,16.26,0.005,0.08,0,0,88.0,1.3,2,0
2026-03-17 12:56:57,32.8,14.4,100.0,96.0,16.96,0.082,1.4,16.26,0.005,0.08,0,0,88.0,1.46,2,0
2026-03-17 12:57:07,32.8,14.4,100.0,96.0,16.96,0.082,1.4,16.26,0.005,0.08,0,0,88.0,1.38,2,0
2026-03-17 12:57:18,32.8,14.3,100.0,96.0,16.96,0.082,1.4,16.25,0.005,0.08,0,0,88.0,1.27,2,0
2026-03-17 12:57:28,32.7,14.4,100.0,96.0,16.97,0.082,1.4,16.25,0.005,0.08,0,0,88.0,1.3,2,0
2026-03-17 12:57:38,32.7,14.5,100.0,96.0,16.97,0.082,1.4,16.25,0.005,0.08,0,0,88.0,1.53,2,0
2026-03-17 12:57:48,32.6,14.5,100.0,96.0,16.97,0.083,1.41,16.26,0.005,0.08,0,0,88.0,1.35,2,0
2026-03-17 12:57:58,32.6,14.5,100.0,96.0,16.97,0.083,1.41,16.26,0.005,0.08,0,0,88.0,1.51,2,0
2026-03-17 12:58:08,32.6,14.5,100.0,96.0,16.96,0.083,1.41,16.26,0.005,0.08,0,0,88.0,1.37,2,0
2026-03-17 12:58:18,32.5,14.6,100.0,96.0,16.97,0.084,1.43,16.26,0.005,0.08,0,0,88.0,1.52,2,0
2026-03-17 12:58:28,32.5,14.5,100.0,96.0,16.97,0.084,1.43,16.25,0.005,0.08,0,0,88.0,1.56,2,0
2026-03-17 12:58:39,32.5,14.5,100.0,96.0,16.97,0.084,1.43,16.26,0.005,0.08,0,0,88.0,1.42,2,0
2026-03-17 12:58:49,32.5,14.6,100.0,96.0,16.97,0.084,1.43,16.26,0.005,0.08,0,0,88.0,1.39,2,0
2026-03-17 12:58:59,32.5,14.6,100.0,96.0,16.97,0.084,1.43,16.26,0.005,0.08,0,0,88.0,1.47,2,0
2026-03-17 12:59:09,32.4,14.6,100.0,96.0,16.97,0.085,1.44,16.26,0.005,0.08,0,0,88.0,1.56,2,0
2026-03-17 12:59:19,32.4,14.7,100.0,96.0,16.97,0.085,1.44,16.26,0.005,0.08,0,0,88.0,1.54,2,0
2026-03-17 12:59:29,32.4,14.7,100.0,96.0,16.97,0.085,1.44,16.26,0.005,0.08,0,0,88.0,1.4,2,0
2026-03-17 12:59:39,32.3,14.8,100.0,96.0,16.97,0.085,1.44,16.26,0.005,0.08,0,0,88.0,1.3,2,0
2026-03-17 12:59:50,32.3,14.8,100.0,96.0,16.97,0.085,1.44,16.26,0.005,0.08,0,0,88.0,1.43,2,0
2026-03-17 13:00:00,32.2,14.9,100.0,96.0,16.98,0.085,1.44,16.26,0.005,0.08,0,0,88.0,1.58,2,0
2026-03-17 13:00:10,32.2,14.8,100.0,96.0,16.98,0.085,1.44,16.26,0.005,0.08,0,0,88.0,1.39,2,0
2026-03-17 13:00:20,32.1,14.8,100.0,96.0,16.98,0.085,1.44,16.26,0.005,0.08,0,0,88.0,1.37,2,0
2026-03-17 13:00:30,32.1,14.9,100.0,96.0,16.98,0.085,1.44,16.26,0.005,0.08,0,0,88.0,1.36,2,0
2026-03-17 13:00:40,32.1,15.0,100.0,96.0,16.97,0.085,1.44,16.26,0.005,0.08,0,0,88.0,1.33,2,0
2026-03-17 13:00:50,32.1,14.9,100.0,96.0,16.97,0.086,1.45,16.26,0.005,0.08,0,0,88.0,1.48,2,0
2026-03-17 13:01:01,32.0,15.0,100.0,96.0,16.97,0.086,1.45,16.26,0.005,0.08,0,0,88.0,1.45,2,0
2026-03-17 13:01:11,32.0,15.0,100.0,96.0,16.98,0.086,1.45,16.26,0.005,0.08,0,0,88.0,1.37,2,0
2026-03-17 13:01:21,32.0,15.0,100.0,96.0,16.98,0.086,1.45,16.26,0.005,0.08,0,0,88.0,1.33,2,0
2026-03-17 13:01:31,31.9,15.0,100.0,96.0,16.98,0.086,1.47,16.26,0.005,0.08,0,0,88.0,1.6,2,0
2026-03-17 13:01:41,31.9,14.9,100.0,96.0,16.98,0.086,1.47,16.26,0.005,0.08,0,0,88.0,1.46,2,0
2026-03-17 13:01:51,31.8,15.0,100.0,96.0,16.97,0.086,1.47,16.26,0.005,0.08,0,0,88.0,1.48,2,0
2026-03-17 13:02:01,31.8,14.9,100.0,96.0,16.98,0.086,1.47,16.26,0.005,0.08,0,0,88.0,1.45,2,0
2026-03-17 13:02:11,31.8,15.0,100.0,96.0,16.98,0.086,1.47,16.26,0.005,0.08,0,0,88.0,1.57,2,0
2026-03-17 13:02:22,31.9,15.1,100.0,96.0,16.98,0.086,1.47,16.26,0.005,0.08,0,0,88.0,1.53,2,0
2026-03-17 13:02:32,31.8,15.2,100.0,96.0,16.98,0.086,1.47,16.26,0.005,0.08,0,0,88.0,1.33,2,0
2026-03-17 13:02:42,31.7,15.3,100.0,96.0,16.98,0.086,1.47,16.26,0.005,0.08,0,0,88.0,1.37,2,0
2026-03-17 13:02:52,31.7,15.3,100.0,96.0,16.98,0.087,1.48,16.26,0.005,0.08,0,0,88.0,1.57,2,0
2026-03-17 13:03:02,31.7,15.3,100.0,96.0,16.98,0.087,1.48,16.26,0.005,0.08,0,0,88.0,1.61,2,0
2026-03-17 13:03:12,31.7,15.4,100.0,96.0,16.98,0.087,1.48,16.26,0.005,0.08,0,0,88.0,1.62,2,0
2026-03-17 13:04:09,31.6,15.5,100.0,96.0,16.98,0.088,1.49,16.26,0.005,0.08,0,0,88.0,1.35,2,0
2026-03-17 13:04:18,31.6,15.4,100.0,96.0,16.98,0.089,1.51,16.26,0.005,0.08,0,0,88.0,1.39,2,0
2026-03-17 13:04:28,31.6,15.4,100.0,96.0,16.98,0.089,1.51,16.26,0.005,0.08,0,0,88.0,1.45,2,0
2026-03-17 13:04:38,31.6,15.4,100.0,96.0,16.98,0.089,1.51,16.26,0.005,0.08,0,0,88.0,1.65,2,0
2026-03-17 13:04:48,31.7,15.4,100.0,96.0,16.98,0.09,1.52,16.26,0.005,0.08,0,0,88.0,1.56,2,0
2026-03-17 13:04:58,31.7,15.4,100.0,96.0,16.98,0.09,1.52,16.26,0.005,0.08,0,0,88.0,1.59,2,0
2026-03-17 13:05:09,31.6,15.4,100.0,96.0,16.98,0.09,1.52,16.26,0.005,0.08,0,0,88.0,1.5,2,0
2026-03-17 13:05:19,31.6,15.3,100.0,96.0,16.98,0.09,1.52,16.26,0.005,0.08,0,0,88.0,1.38,2,0
2026-03-17 13:05:29,31.8,15.3,100.0,96.0,16.99,0.09,1.54,16.26,0.005,0.08,0,0,88.0,1.4,2,0
2026-03-17 13:05:39,31.7,15.3,100.0,96.0,16.99,0.09,1.54,16.26,0.005,0.08,0,0,88.0,1.44,2,0
2026-03-17 13:05:49,31.8,15.3,100.0,96.0,16.99,0.09,1.54,16.26,0.005,0.08,0,0,88.0,1.54,2,0
2026-03-17 13:05:59,31.7,15.3,100.0,96.0,16.98,0.09,1.53,16.27,0.005,0.08,0,0,89.0,1.66,2,0
2026-03-17 13:06:09,31.7,15.2,100.0,96.0,16.99,0.09,1.54,16.26,0.005,0.08,0,0,88.0,1.43,2,0
2026-03-17 13:06:20,31.8,15.4,100.0,96.0,16.99,0.091,1.55,16.26,0.005,0.08,0,0,88.0,1.65,2,0
2026-03-17 13:06:30,31.7,15.4,100.0,96.0,16.99,0.091,1.55,16.26,0.005,0.08,0,0,88.0,1.64,2,0
2026-03-17 13:06:40,31.8,15.4,100.0,96.0,16.99,0.092,1.56,16.27,0.005,0.08,0,0,89.0,1.43,2,0
2026-03-17 13:06:50,31.9,15.4,100.0,96.0,16.99,0.092,1.56,16.27,0.005,0.08,0,0,89.0,1.51,2,0
2026-03-17 13:07:00,31.9,15.3,100.0,96.0,16.99,0.092,1.56,16.26,0.005,0.08,0,0,88.0,1.59,2,0
2026-03-17 13:07:10,31.8,15.3,100.0,96.0,17.0,0.092,1.56,16.26,0.005,0.08,0,0,88.0,1.41,2,0
2026-03-17 13:07:20,31.8,15.3,100.0,96.0,16.99,0.092,1.56,16.26,0.005,0.08,0,0,88.0,1.56,2,0
2026-03-17 13:07:30,32.0,15.3,100.0,96.0,16.99,0.092,1.56,16.27,0.005,0.08,0,0,89.0,1.62,2,0
2026-03-17 13:07:41,31.9,15.3,100.0,96.0,16.99,0.092,1.56,16.26,0.005,0.08,0,0,88.0,1.69,2,0
2026-03-17 13:07:51,31.9,15.2,100.0,96.0,16.99,0.092,1.56,16.26,0.005,0.08,0,0,88.0,1.6,2,0
2026-03-17 13:08:01,32.0,15.2,100.0,96.0,17.0,0.092,1.56,16.26,0.005,0.08,0,0,88.0,1.72,2,0
2026-03-17 13:08:11,32.0,15.2,100.0,96.0,16.99,0.093,1.58,16.26,0.005,0.08,0,0,88.0,1.47,2,0
2026-03-17 13:08:21,32.0,15.2,100.0,96.0,16.98,0.092,1.56,16.27,0.005,0.08,0,0,89.0,1.63,2,0
2026-03-17 13:08:31,32.1,15.2,100.0,96.0,16.99,0.092,1.56,16.26,0.005,0.08,0,0,88.0,1.59,2,0
2026-03-17 13:08:41,32.1,15.1,100.0,96.0,16.99,0.091,1.55,16.26,0.005,0.08,0,0,88.0,1.5,2,0
2026-03-17 13:08:52,32.2,15.0,100.0,96.0,16.99,0.09,1.54,16.26,0.005,0.08,0,0,88.0,1.64,2,0
2026-03-17 13:09:02,32.2,15.1,100.0,96.0,16.99,0.09,1.54,16.26,0.005,0.08,0,0,88.0,1.68,2,0
2026-03-17 13:09:12,32.2,15.2,100.0,96.0,16.98,0.09,1.53,16.26,0.005,0.08,0,0,88.0,1.68,2,0
2026-03-17 13:09:22,32.2,15.2,100.0,96.0,16.98,0.09,1.52,16.26,0.005,0.08,0,0,88.0,1.65,2,0
2026-03-17 13:09:32,32.3,15.1,100.0,96.0,16.98,0.09,1.52,16.26,0.005,0.08,0,0,88.0,1.37,2,0
2026-03-17 13:09:42,32.3,15.0,100.0,96.0,16.98,0.09,1.52,16.26,0.005,0.08,0,0,88.0,1.43,2,0
2026-03-17 13:09:52,32.3,14.9,100.0,96.0,16.99,0.09,1.52,16.26,0.005,0.08,0,0,88.0,1.62,2,0
2026-03-17 13:10:03,32.3,14.9,100.0,96.0,16.98,0.09,1.52,16.26,0.005,0.08,0,0,88.0,1.42,2,0
2026-03-17 13:10:13,32.3,14.9,100.0,96.0,16.98,0.09,1.53,16.26,0.005,0.08,0,0,88.0,1.54,2,0
2026-03-17 13:10:23,32.4,14.9,100.0,96.0,16.99,0.09,1.54,16.26,0.005,0.08,0,0,88.0,1.44,2,0
2026-03-17 13:10:33,32.4,14.9,100.0,96.0,16.99,0.09,1.54,16.26,0.005,0.08,0,0,88.0,1.52,2,0
2026-03-17 13:10:43,32.4,14.8,100.0,96.0,16.99,0.09,1.54,16.26,0.005,0.08,0,0,88.0,1.54,2,0
2026-03-17 13:10:53,32.5,14.7,100.0,96.0,16.98,0.09,1.53,16.27,0.005,0.08,0,0,89.0,1.5,2,0
2026-03-17 13:11:03,32.5,14.8,100.0,96.0,16.98,0.09,1.53,16.26,0.005,0.08,0,0,88.0,1.69,2,0
2026-03-17 13:11:13,32.5,14.8,100.0,96.0,16.99,0.09,1.54,16.26,0.005,0.08,0,0,88.0,1.61,2,0
2026-03-17 13:11:24,32.6,14.8,100.0,96.0,16.99,0.091,1.55,16.26,0.005,0.08,0,0,88.0,1.7,2,0
2026-03-17 13:11:34,32.6,14.8,100.0,96.0,16.99,0.091,1.55,16.27,0.005,0.08,0,0,89.0,1.58,2,0
2026-03-17 13:11:44,32.7,14.7,100.0,96.0,16.99,0.091,1.55,16.26,0.005,0.08,0,0,88.0,1.66,2,0
2026-03-17 13:11:54,32.7,14.9,100.0,96.0,17.0,0.091,1.55,16.26,0.005,0.08,0,0,88.0,1.68,2,0
2026-03-17 13:12:04,32.7,14.8,100.0,96.0,16.99,0.091,1.55,16.26,0.005,0.08,0,0,88.0,1.45,2,0
2026-03-17 13:12:14,32.7,14.8,100.0,96.0,16.98,0.091,1.55,16.26,0.005,0.08,0,0,88.0,1.67,2,0
2026-03-17 13:12:24,32.7,14.8,100.0,96.0,16.99,0.091,1.55,16.26,0.005,0.08,0,0,88.0,1.47,2,0
2026-03-17 13:12:35,32.7,14.8,100.0,96.0,16.99,0.091,1.55,16.26,0.005,0.08,0,0,88.0,1.64,2,0
2026-03-17 13:12:45,32.7,14.7,100.0,96.0,16.99,0.091,1.55,16.26,0.005,0.08,0,0,88.0,1.4,2,0
2026-03-17 13:12:55,32.7,14.6,100.0,96.0,16.99,0.091,1.55,16.26,0.005,0.08,0,0,88.0,1.6,2,0
2026-03-17 13:13:05,32.7,14.6,100.0,96.0,16.99,0.091,1.55,16.26,0.005,0.08,0,0,88.0,1.45,2,0
2026-03-17 13:13:15,32.7,14.5,100.0,96.0,16.98,0.091,1.55,16.26,0.005,0.08,0,0,88.0,1.53,2,0
2026-03-17 13:13:25,32.7,14.5,100.0,96.0,16.99,0.091,1.55,16.26,0.005,0.08,0,0,88.0,1.63,2,0
2026-03-17 13:13:35,32.8,14.5,100.0,96.0,16.99,0.091,1.55,16.26,0.005,0.08,0,0,88.0,1.63,2,0
2026-03-17 13:13:45,32.8,14.5,100.0,96.0,16.98,0.091,1.55,16.27,0.005,0.08,0,0,89.0,1.54,2,0
2026-03-17 13:13:56,32.8,14.5,100.0,96.0,16.99,0.091,1.55,16.26,0.005,0.08,0,0,88.0,1.4,2,0
2026-03-17 13:14:06,32.8,14.5,100.0,96.0,16.99,0.091,1.55,16.26,0.005,0.08,0,0,88.0,1.49,2,0
2026-03-17 13:14:16,32.7,14.5,100.0,96.0,16.99,0.091,1.55,16.26,0.005,0.08,0,0,88.0,1.59,2,0
2026-03-17 13:14:26,32.8,14.5,100.0,96.0,16.99,0.092,1.56,16.27,0.005,0.08,0,0,89.0,1.53,2,0
2026-03-17 13:14:36,32.8,14.5,100.0,96.0,16.99,0.092,1.56,16.26,0.005,0.08,0,0,88.0,1.44,2,0
2026-03-17 13:14:46,32.8,14.5,100.0,96.0,17.0,0.092,1.56,16.26,0.005,0.08,0,0,88.0,1.64,2,0
2026-03-17 13:14:56,32.8,14.7,100.0,96.0,16.99,0.092,1.56,16.27,0.005,0.08,0,0,89.0,1.57,2,0
2026-03-17 13:15:07,32.8,14.7,100.0,96.0,16.99,0.092,1.56,16.26,0.005,0.08,0,0,88.0,1.64,2,0
2026-03-17 13:15:17,32.8,14.8,100.0,96.0,17.0,0.092,1.56,16.26,0.005,0.08,0,0,88.0,1.64,2,0
2026-03-17 13:15:27,32.8,14.7,100.0,96.0,17.0,0.092,1.56,16.27,0.005,0.08,0,0,89.0,1.45,2,0
2026-03-17 13:15:37,32.8,14.7,100.0,96.0,16.99,0.093,1.58,16.26,0.005,0.08,0,0,88.0,1.46,2,0
2026-03-17 13:15:47,32.7,14.6,100.0,96.0,17.0,0.093,1.58,16.26,0.005,0.08,0,0,88.0,1.49,2,0
2026-03-17 13:15:57,32.7,14.6,100.0,96.0,17.0,0.093,1.58,16.26,0.005,0.08,0,0,88.0,1.55,2,0
2026-03-17 13:16:07,32.7,14.6,100.0,96.0,17.0,0.093,1.58,16.26,0.005,0.08,0,0,88.0,1.47,2,0
2026-03-17 13:16:18,32.7,14.5,100.0,96.0,16.99,0.093,1.58,16.27,0.005,0.08,0,0,89.0,1.43,2,0
2026-03-17 13:16:28,32.7,14.4,100.0,96.0,16.99,0.093,1.58,16.27,0.005,0.08,0,0,89.0,1.64,2,0
2026-03-17 13:16:38,32.7,14.5,100.0,96.0,17.0,0.093,1.58,16.26,0.005,0.08,0,0,88.0,1.63,2,0
2026-03-17 13:16:48,32.8,14.5,100.0,96.0,17.0,0.093,1.58,16.26,0.005,0.08,0,0,88.0,1.54,2,0
2026-03-17 13:16:58,32.7,14.6,100.0,96.0,17.0,0.093,1.58,16.26,0.005,0.08,0,0,88.0,1.52,2,0
2026-03-17 13:17:08,32.8,14.6,100.0,96.0,17.0,0.093,1.58,16.27,0.005,0.08,0,0,89.0,1.53,2,0
2026-03-17 13:17:18,32.7,14.6,100.0,96.0,16.99,0.093,1.58,16.27,0.005,0.08,0,0,89.0,1.61,2,0
2026-03-17 13:17:28,32.7,14.6,100.0,96.0,16.99,0.093,1.58,16.27,0.005,0.08,0,0,89.0,1.44,2,0
2026-03-17 13:17:39,32.7,14.5,100.0,96.0,16.99,0.092,1.56,16.26,0.005,0.08,0,0,88.0,1.49,2,0
2026-03-17 13:17:49,32.8,14.6,100.0,96.0,16.99,0.092,1.56,16.26,0.005,0.08,0,0,88.0,1.44,2,0
2026-03-17 13:17:59,32.7,14.6,100.0,96.0,16.99,0.092,1.56,16.26,0.005,0.08,0,0,88.0,1.45,2,0
2026-03-17 13:18:09,32.8,14.6,100.0,96.0,17.0,0.092,1.56,16.26,0.005,0.08,0,0,88.0,1.42,2,0
2026-03-17 13:18:19,32.8,14.6,100.0,96.0,17.0,0.091,1.55,16.26,0.005,0.08,0,0,88.0,1.53,2,0
2026-03-17 13:18:29,32.8,14.7,100.0,96.0,16.99,0.091,1.55,16.27,0.005,0.08,0,0,89.0,1.6,2,0
2026-03-17 13:18:39,32.8,14.7,100.0,96.0,16.99,0.091,1.55,16.26,0.005,0.08,0,0,88.0,1.65,2,0
2026-03-17 13:18:50,32.8,14.6,100.0,96.0,16.99,0.091,1.55,16.26,0.005,0.08,0,0,88.0,1.7,2,0
2026-03-17 13:19:00,32.8,14.6,100.0,96.0,16.99,0.091,1.55,16.26,0.005,0.08,0,0,88.0,1.53,2,0
2026-03-17 13:19:10,32.7,14.6,100.0,96.0,17.0,0.091,1.55,16.26,0.005,0.08,0,0,88.0,1.56,2,0
2026-03-17 13:19:20,32.8,14.5,100.0,96.0,16.99,0.09,1.54,16.26,0.005,0.08,0,0,88.0,1.48,2,0
2026-03-17 13:19:30,32.8,14.5,100.0,96.0,16.99,0.09,1.54,16.26,0.005,0.08,0,0,88.0,1.56,2,0
2026-03-17 13:19:40,32.8,14.5,100.0,96.0,16.99,0.09,1.54,16.26,0.005,0.08,0,0,88.0,1.44,2,0
2026-03-17 13:19:50,32.8,14.5,100.0,96.0,16.99,0.09,1.54,16.26,0.005,0.08,0,0,88.0,1.6,2,0
2026-03-17 13:20:00,32.8,14.6,100.0,96.0,16.99,0.09,1.54,16.26,0.005,0.08,0,0,88.0,1.6,2,0
2026-03-17 13:20:11,32.8,14.6,100.0,96.0,16.99,0.09,1.54,16.26,0.005,0.08,0,0,88.0,1.48,2,0
2026-03-17 13:20:21,32.7,14.6,100.0,96.0,16.99,0.09,1.54,16.26,0.005,0.08,0,0,88.0,1.47,2,0
2026-03-17 13:20:31,32.7,14.6,100.0,96.0,16.99,0.09,1.54,16.26,0.005,0.08,0,0,88.0,1.46,2,0
2026-03-17 13:20:41,32.7,14.6,100.0,96.0,16.99,0.09,1.54,16.26,0.005,0.08,0,0,88.0,1.59,2,0
2026-03-17 13:20:51,32.7,14.6,100.0,96.0,16.99,0.091,1.55,16.27,0.005,0.08,0,0,89.0,1.7,2,0
2026-03-17 13:21:01,32.7,14.6,100.0,96.0,16.98,0.091,1.55,16.27,0.005,0.08,0,0,89.0,1.47,2,0
2026-03-17 13:21:11,32.7,14.5,100.0,96.0,16.99,0.091,1.55,16.26,0.005,0.08,0,0,88.0,1.49,2,0
2026-03-17 13:21:22,32.7,14.5,100.0,96.0,16.99,0.091,1.55,16.26,0.005,0.08,0,0,88.0,1.56,2,0
2026-03-17 13:21:32,32.6,14.6,100.0,96.0,17.0,0.091,1.55,16.26,0.005,0.08,0,0,88.0,1.69,2,0
2026-03-17 13:21:42,32.6,14.6,100.0,96.0,17.0,0.092,1.56,16.26,0.005,0.08,0,0,88.0,1.42,2,0
2026-03-17 13:21:52,32.7,14.6,100.0,96.0,16.99,0.092,1.56,16.27,0.005,0.08,0,0,89.0,1.7,2,0
2026-03-17 13:22:02,32.7,14.5,100.0,96.0,16.99,0.091,1.55,16.27,0.005,0.08,0,0,89.0,1.66,2,0
2026-03-17 13:22:12,32.7,14.5,100.0,96.0,16.99,0.092,1.56,16.27,0.005,0.08,0,0,89.0,1.53,2,0
2026-03-17 13:22:22,32.7,14.6,100.0,96.0,16.99,0.092,1.56,16.26,0.005,0.08,0,0,88.0,1.45,2,0
2026-03-17 13:22:33,32.6,14.6,100.0,96.0,16.99,0.092,1.56,16.26,0.005,0.08,0,0,88.0,1.48,2,0
2026-03-17 13:22:43,32.6,14.6,100.0,96.0,17.0,0.092,1.56,16.26,0.005,0.08,0,0,88.0,1.42,2,0
2026-03-17 13:22:53,32.6,14.7,100.0,96.0,17.0,0.092,1.56,16.26,0.005,0.08,0,0,88.0,1.44,2,0
2026-03-17 13:23:03,32.6,14.7,100.0,96.0,17.0,0.092,1.56,16.26,0.005,0.08,0,0,88.0,1.66,2,0
2026-03-17 13:23:13,32.6,14.7,100.0,96.0,17.0,0.092,1.56,16.26,0.005,0.08,0,0,88.0,1.65,2,0
2026-03-17 13:23:23,32.6,14.6,100.0,96.0,17.0,0.092,1.56,16.26,0.005,0.08,0,0,88.0,1.46,2,0
2026-03-17 13:23:33,32.5,14.6,100.0,96.0,17.0,0.092,1.56,16.26,0.005,0.08,0,0,88.0,1.64,2,0
2026-03-17 13:23:43,32.5,14.6,100.0,96.0,16.99,0.092,1.56,16.27,0.005,0.08,0,0,89.0,1.6,2,0
2026-03-17 13:23:54,32.6,14.5,100.0,96.0,16.99,0.092,1.56,16.26,0.005,0.08,0,0,88.0,1.49,2,0
2026-03-17 13:24:04,32.5,14.6,100.0,96.0,17.0,0.091,1.55,16.26,0.005,0.08,0,0,88.0,1.5,2,0
2026-03-17 13:24:14,32.5,14.6,100.0,96.0,16.99,0.09,1.54,16.26,0.005,0.08,0,0,88.0,1.59,2,0
2026-03-17 13:24:24,32.5,14.6,100.0,96.0,16.99,0.09,1.54,16.26,0.005,0.08,0,0,88.0,1.65,2,0
2026-03-17 13:24:34,32.5,14.5,100.0,96.0,16.98,0.09,1.52,16.27,0.005,0.08,0,0,89.0,1.56,2,0
2026-03-17 13:24:44,32.6,14.5,100.0,96.0,16.98,0.09,1.53,16.26,0.005,0.08,0,0,88.0,1.52,2,0
2026-03-17 13:24:54,32.6,14.8,100.0,96.0,16.99,0.09,1.54,16.26,0.005,0.08,0,0,88.0,1.59,2,0
2026-03-17 13:25:05,32.5,14.6,100.0,96.0,16.99,0.09,1.54,16.26,0.005,0.08,0,0,88.0,1.69,2,0
2026-03-17 13:25:15,32.5,14.6,100.0,96.0,16.99,0.09,1.54,16.26,0.005,0.08,0,0,88.0,1.59,2,0
2026-03-17 13:25:25,32.5,14.7,100.0,96.0,16.98,0.09,1.53,16.27,0.005,0.08,0,0,89.0,1.58,2,0
2026-03-17 13:25:35,32.5,14.8,100.0,96.0,16.98,0.09,1.53,16.26,0.005,0.08,0,0,88.0,1.58,2,0
2026-03-17 13:25:45,32.5,14.7,100.0,96.0,16.99,0.09,1.54,16.26,0.005,0.08,0,0,88.0,1.69,2,0
2026-03-17 13:25:55,32.6,14.7,100.0,96.0,16.99,0.09,1.54,16.26,0.005,0.08,0,0,88.0,1.53,2,0
2026-03-17 13:26:05,32.5,14.8,100.0,96.0,16.99,0.09,1.54,16.26,0.005,0.08,0,0,88.0,1.65,2,0
2026-03-17 13:26:16,32.5,14.6,100.0,96.0,16.99,0.09,1.54,16.26,0.005,0.08,0,0,88.0,1.49,2,0
2026-03-17 13:26:26,32.5,14.6,100.0,96.0,16.99,0.09,1.54,16.26,0.005,0.08,0,0,88.0,1.53,2,0
2026-03-17 13:26:36,32.5,14.6,100.0,96.0,16.99,0.091,1.55,16.26,0.005,0.08,0,0,88.0,1.51,2,0
2026-03-17 13:26:46,32.5,14.6,100.0,96.0,16.99,0.091,1.55,16.27,0.005,0.08,0,0,89.0,1.45,2,0
2026-03-17 13:26:56,32.5,14.6,100.0,96.0,16.99,0.091,1.55,16.27,0.005,0.08,0,0,89.0,1.45,2,0
2026-03-17 13:27:06,32.5,14.6,100.0,96.0,16.99,0.091,1.55,16.27,0.005,0.08,0,0,89.0,1.4,2,0
2026-03-17 13:27:16,32.5,14.5,100.0,96.0,16.99,0.091,1.55,16.27,0.005,0.08,0,0,89.0,1.59,2,0
2026-03-17 13:27:26,32.5,14.5,100.0,96.0,16.99,0.091,1.55,16.26,0.005,0.08,0,0,88.0,1.41,2,0
2026-03-17 13:27:37,32.5,14.5,100.0,96.0,16.99,0.091,1.55,16.26,0.005,0.08,0,0,88.0,1.65,2,0
2026-03-17 13:27:47,32.5,14.5,100.0,96.0,17.0,0.091,1.55,16.26,0.005,0.08,0,0,88.0,1.55,2,0
2026-03-17 13:27:57,32.5,14.4,100.0,96.0,17.0,0.091,1.55,16.26,0.005,0.08,0,0,88.0,1.61,2,0
2026-03-17 13:28:07,32.5,14.5,100.0,96.0,17.0,0.091,1.55,16.26,0.005,0.08,0,0,88.0,1.57,2,0
2026-03-17 13:28:17,32.5,14.5,100.0,96.0,16.99,0.091,1.55,16.26,0.005,0.08,0,0,88.0,1.52,2,0
2026-03-17 13:28:27,32.5,14.4,100.0,96.0,16.99,0.091,1.55,16.27,0.005,0.08,0,0,89.0,1.49,2,0
2026-03-17 13:28:37,32.5,14.4,100.0,96.0,16.99,0.091,1.55,16.27,0.005,0.08,0,0,89.0,1.53,2,0
2026-03-17 13:28:48,32.5,14.4,100.0,96.0,16.99,0.091,1.55,16.27,0.005,0.08,0,0,89.0,1.66,2,0
2026-03-17 13:28:58,32.5,14.4,100.0,96.0,16.99,0.091,1.55,16.26,0.005,0.08,0,0,88.0,1.46,2,0
2026-03-17 13:29:08,32.5,14.4,100.0,96.0,17.0,0.091,1.55,16.26,0.005,0.08,0,0,88.0,1.53,2,0
2026-03-17 13:29:18,32.5,14.4,100.0,96.0,16.99,0.091,1.55,16.26,0.005,0.08,0,0,88.0,1.58,2,0
2026-03-17 13:29:28,32.5,14.5,100.0,96.0,16.99,0.091,1.55,16.27,0.005,0.08,0,0,89.0,1.46,2,0
2026-03-17 13:29:38,32.5,14.5,100.0,96.0,16.99,0.091,1.55,16.27,0.005,0.08,0,0,89.0,1.54,2,0
2026-03-17 13:29:48,32.5,14.6,100.0,96.0,16.99,0.091,1.55,16.27,0.005,0.08,0,0,89.0,1.46,2,0
2026-03-17 13:29:58,32.5,14.5,100.0,96.0,16.99,0.09,1.54,16.26,0.005,0.08,0,0,88.0,1.58,2,0
2026-03-17 13:30:09,32.4,14.6,100.0,96.0,16.99,0.091,1.55,16.26,0.005,0.08,0,0,88.0,1.58,2,0
2026-03-17 13:30:19,32.4,14.5,100.0,96.0,17.0,0.091,1.55,16.26,0.005,0.08,0,0,88.0,1.4,2,0
2026-03-17 13:30:29,32.4,14.5,100.0,96.0,16.99,0.091,1.55,16.26,0.005,0.08,0,0,88.0,1.59,2,0
2026-03-17 13:30:39,32.4,14.5,100.0,96.0,16.99,0.091,1.55,16.27,0.005,0.08,0,0,89.0,1.41,2,0
2026-03-17 13:30:49,32.4,14.5,100.0,96.0,16.99,0.091,1.55,16.27,0.005,0.08,0,0,89.0,1.41,2,0
2026-03-17 13:30:59,32.4,14.4,100.0,96.0,16.99,0.091,1.55,16.26,0.005,0.08,0,0,88.0,1.54,2,0
2026-03-17 13:31:09,32.4,14.4,100.0,96.0,17.0,0.091,1.55,16.26,0.005,0.08,0,0,88.0,1.69,2,0
2026-03-17 13:31:20,32.3,14.5,100.0,96.0,17.0,0.091,1.55,16.26,0.005,0.08,0,0,88.0,1.5,2,0
2026-03-17 13:31:30,32.3,14.4,100.0,96.0,17.0,0.091,1.55,16.26,0.005,0.08,0,0,88.0,1.63,2,0
2026-03-17 13:31:40,32.3,14.5,100.0,96.0,16.99,0.091,1.55,16.27,0.005,0.08,0,0,89.0,1.58,2,0
2026-03-17 13:31:50,32.3,14.5,100.0,96.0,16.99,0.091,1.55,16.27,0.005,0.08,0,0,89.0,1.7,2,0
2026-03-17 13:32:00,32.3,14.6,100.0,96.0,16.99,0.092,1.56,16.26,0.005,0.08,0,0,88.0,1.49,2,0
2026-03-17 13:32:10,32.3,14.5,100.0,96.0,17.0,0.092,1.56,16.26,0.005,0.08,0,0,88.0,1.45,2,0
2026-03-17 13:32:20,32.3,14.6,100.0,96.0,17.0,0.092,1.56,16.26,0.005,0.08,0,0,88.0,1.45,2,0
2026-03-17 13:32:31,32.2,14.6,100.0,96.0,16.99,0.092,1.56,16.27,0.005,0.08,0,0,89.0,1.61,2,0
2026-03-17 13:32:41,32.2,14.7,100.0,96.0,16.99,0.092,1.56,16.27,0.005,0.08,0,0,89.0,1.65,2,0
2026-03-17 13:32:51,32.2,14.7,100.0,96.0,16.99,0.092,1.56,16.27,0.005,0.08,0,0,89.0,1.64,2,0
2026-03-17 13:33:01,32.3,14.7,100.0,96.0,17.0,0.093,1.58,16.26,0.005,0.08,0,0,88.0,1.55,2,0
2026-03-17 13:33:11,32.2,14.6,100.0,96.0,17.0,0.093,1.58,16.26,0.005,0.08,0,0,88.0,1.52,2,0
2026-03-17 13:33:21,32.2,14.7,100.0,96.0,17.0,0.093,1.58,16.26,0.005,0.08,0,0,88.0,1.46,2,0
2026-03-17 13:33:31,32.2,14.6,100.0,96.0,17.0,0.093,1.58,16.26,0.005,0.08,0,0,88.0,1.52,2,0
2026-03-17 13:33:41,32.2,14.7,100.0,96.0,17.0,0.093,1.58,16.27,0.005,0.08,0,0,89.0,1.68,2,0
2026-03-17 13:33:52,32.2,14.6,100.0,96.0,16.99,0.093,1.58,16.27,0.005,0.08,0,0,89.0,1.48,2,0
2026-03-17 13:34:02,32.2,14.5,100.0,96.0,17.0,0.093,1.58,16.27,0.005,0.08,0,0,89.0,1.45,2,0
2026-03-17 13:34:12,32.1,14.6,100.0,96.0,17.0,0.094,1.59,16.26,0.005,0.08,0,0,88.0,1.72,2,0
2026-03-17 13:34:22,32.2,14.6,100.0,96.0,17.01,0.094,1.59,16.26,0.005,0.08,0,0,88.0,1.56,2,0
2026-03-17 13:34:32,32.1,14.5,100.0,96.0,17.01,0.094,1.59,16.26,0.005,0.08,0,0,88.0,1.66,2,0
2026-03-17 13:34:42,32.1,14.5,100.0,96.0,17.01,0.094,1.61,16.27,0.005,0.08,0,0,89.0,1.49,2,0
2026-03-17 13:34:52,32.1,14.5,100.0,96.0,17.0,0.094,1.6,16.27,0.005,0.08,0,0,89.0,1.48,2,0
2026-03-17 13:35:03,32.2,14.5,100.0,96.0,17.0,0.094,1.6,16.27,0.005,0.08,0,0,89.0,1.59,2,0
2026-03-17 13:35:13,32.1,14.5,100.0,96.0,17.0,0.094,1.6,16.27,0.005,0.08,0,0,89.0,1.5,2,0
2026-03-17 13:35:23,32.1,14.4,100.0,96.0,17.01,0.094,1.61,16.26,0.005,0.08,0,0,88.0,1.46,2,0
2026-03-17 13:35:33,32.1,14.4,100.0,96.0,17.01,0.094,1.61,16.26,0.005,0.08,0,0,88.0,1.68,2,0
2026-03-17 13:35:43,32.1,14.5,100.0,96.0,17.0,0.094,1.6,16.27,0.005,0.08,0,0,89.0,1.65,2,0
2026-03-17 13:35:53,32.1,14.4,100.0,96.0,17.0,0.094,1.6,16.27,0.005,0.08,0,0,89.0,1.5,2,0
2026-03-17 13:36:03,32.1,14.4,100.0,96.0,17.0,0.094,1.6,16.26,0.005,0.08,0,0,88.0,1.76,2,0
2026-03-17 13:36:13,32.1,14.5,100.0,96.0,17.01,0.095,1.62,16.26,0.005,0.08,0,0,88.0,1.69,2,0
2026-03-17 13:36:24,32.0,14.5,100.0,96.0,17.01,0.094,1.61,16.26,0.005,0.08,0,0,88.0,1.58,2,0
2026-03-17 13:36:34,32.1,14.5,100.0,96.0,17.01,0.094,1.61,16.27,0.005,0.08,0,0,89.0,1.74,2,0
2026-03-17 13:36:44,32.0,14.6,100.0,96.0,17.0,0.094,1.6,16.27,0.005,0.08,0,0,89.0,1.74,2,0
2026-03-17 13:36:54,32.0,14.6,100.0,96.0,17.0,0.094,1.6,16.27,0.005,0.08,0,0,89.0,1.52,2,0
2026-03-17 13:37:04,32.0,14.6,100.0,96.0,17.01,0.094,1.61,16.26,0.005,0.08,0,0,88.0,1.72,2,0
2026-03-17 13:37:14,32.0,14.6,100.0,96.0,17.01,0.094,1.61,16.26,0.005,0.08,0,0,88.0,1.52,2,0
2026-03-17 13:37:24,32.1,14.6,100.0,96.0,17.01,0.094,1.61,16.26,0.005,0.08,0,0,88.0,1.59,2,0
2026-03-17 13:37:35,32.1,14.5,100.0,96.0,17.01,0.094,1.61,16.26,0.005,0.08,0,0,88.0,1.57,2,0
2026-03-17 13:37:57,31.9,14.5,100.0,96.0,17.01,0.094,1.61,16.26,0.005,0.08,0,0,88.0,1.66,2,0
2026-03-17 13:38:06,31.9,14.5,100.0,96.0,17.01,0.094,1.61,16.27,0.005,0.08,0,0,89.0,1.73,2,0
2026-03-17 13:38:16,31.9,14.4,100.0,96.0,17.0,0.094,1.6,16.27,0.005,0.08,0,0,89.0,1.56,2,0
2026-03-17 13:38:27,31.9,14.5,100.0,96.0,17.0,0.094,1.59,16.27,0.005,0.08,0,0,89.0,1.46,2,0
2026-03-17 13:38:37,31.9,14.4,100.0,96.0,17.0,0.094,1.59,16.27,0.005,0.08,0,0,89.0,1.55,2,0
2026-03-17 13:38:47,31.9,14.5,100.0,96.0,17.0,0.094,1.6,16.27,0.005,0.08,0,0,89.0,1.52,2,0
2026-03-17 13:38:57,31.9,14.5,100.0,96.0,17.01,0.094,1.59,16.26,0.005,0.08,0,0,88.0,1.68,2,0
2026-03-17 13:39:07,31.9,14.5,100.0,96.0,17.01,0.094,1.61,16.26,0.005,0.08,0,0,88.0,1.54,2,0
2026-03-17 13:39:17,31.9,14.5,100.0,96.0,17.01,0.094,1.59,16.26,0.005,0.08,0,0,88.0,1.73,2,0
2026-03-17 13:39:27,31.9,14.6,100.0,96.0,17.01,0.094,1.59,16.27,0.005,0.08,0,0,89.0,1.68,2,0
2026-03-17 13:39:38,31.9,14.6,100.0,96.0,17.0,0.094,1.59,16.27,0.005,0.08,0,0,89.0,1.67,2,0
2026-03-17 13:39:48,31.8,14.6,100.0,96.0,17.0,0.094,1.59,16.27,0.005,0.08,0,0,89.0,1.53,2,0
2026-03-17 13:39:58,31.9,14.6,100.0,96.0,17.0,0.094,1.59,16.27,0.005,0.08,0,0,89.0,1.55,2,0
2026-03-17 13:40:08,31.8,14.5,100.0,96.0,17.0,0.094,1.59,16.26,0.005,0.08,0,0,88.0,1.65,2,0
2026-03-17 13:40:18,31.8,14.6,100.0,96.0,17.01,0.094,1.59,16.26,0.005,0.08,0,0,88.0,1.62,2,0
2026-03-17 13:40:28,31.7,14.5,100.0,96.0,17.01,0.094,1.59,16.27,0.005,0.08,0,0,89.0,1.5,2,0
2026-03-17 13:40:38,31.7,14.6,100.0,96.0,17.01,0.094,1.59,16.27,0.005,0.08,0,0,89.0,1.68,2,0
2026-03-17 13:40:49,31.7,14.6,100.0,96.0,17.0,0.093,1.58,16.27,0.005,0.08,0,0,89.0,1.62,2,0
2026-03-17 13:40:59,31.8,14.7,100.0,96.0,17.0,0.094,1.59,16.27,0.005,0.08,0,0,89.0,1.67,2,0
2026-03-17 13:41:09,31.7,14.7,100.0,96.0,17.0,0.094,1.59,16.27,0.005,0.08,0,0,89.0,1.47,2,0
2026-03-17 13:41:19,31.7,14.8,100.0,96.0,17.0,0.094,1.59,16.27,0.005,0.08,0,0,89.0,1.67,2,0
2026-03-17 13:41:29,31.7,14.7,100.0,96.0,17.0,0.094,1.59,16.26,0.005,0.08,0,0,88.0,1.44,2,0
2026-03-17 13:41:39,31.7,14.7,100.0,96.0,17.01,0.094,1.59,16.26,0.005,0.08,0,0,88.0,1.66,2,0
2026-03-17 13:41:49,31.8,14.8,100.0,96.0,17.01,0.094,1.59,16.27,0.005,0.08,0,0,89.0,1.69,2,0
2026-03-17 13:41:59,31.8,14.9,100.0,96.0,17.0,0.094,1.59,16.27,0.005,0.08,0,0,89.0,1.74,2,0
2026-03-17 13:42:10,31.7,14.7,100.0,96.0,17.0,0.094,1.59,16.27,0.005,0.08,0,0,89.0,1.74,2,0
2026-03-17 13:42:21,31.6,14.7,100.0,96.0,17.0,0.094,1.59,16.27,0.005,0.08,0,0,89.0,1.6,2,0
2026-03-17 13:42:30,31.7,14.6,100.0,96.0,17.0,0.094,1.59,16.27,0.005,0.08,0,0,89.0,1.72,2,0
2026-03-17 13:42:40,31.6,14.7,100.0,96.0,17.0,0.094,1.6,16.27,0.005,0.08,0,0,89.0,1.7,2,0
2026-03-17 13:42:50,31.7,14.7,100.0,96.0,17.01,0.094,1.59,16.26,0.005,0.08,0,0,88.0,1.59,2,0
2026-03-17 13:43:00,31.6,14.7,100.0,96.0,17.01,0.094,1.59,16.26,0.005,0.08,0,0,88.0,1.65,2,0
2026-03-17 13:43:10,31.5,14.7,100.0,96.0,17.01,0.094,1.61,16.26,0.005,0.08,0,0,88.0,1.59,2,0
2026-03-17 13:43:20,31.6,14.9,100.0,96.0,17.01,0.094,1.59,16.27,0.005,0.08,0,0,89.0,1.71,2,0
2026-03-17 13:43:30,31.5,14.9,100.0,96.0,17.01,0.094,1.59,16.27,0.005,0.08,0,0,89.0,1.69,2,0
2026-03-17 13:43:41,31.6,14.9,100.0,96.0,17.0,0.094,1.59,16.27,0.005,0.08,0,0,89.0,1.52,2,0
2026-03-17 13:43:51,31.6,15.0,100.0,96.0,17.0,0.094,1.59,16.27,0.005,0.08,0,0,89.0,1.74,2,0
2026-03-17 13:44:01,31.5,15.1,100.0,96.0,17.01,0.094,1.59,16.26,0.005,0.08,0,0,88.0,1.52,2,0
2026-03-17 13:44:11,31.5,14.9,100.0,96.0,17.01,0.094,1.61,16.26,0.005,0.08,0,0,88.0,1.68,2,0
2026-03-17 13:44:21,31.5,15.0,100.0,96.0,17.01,0.094,1.59,16.26,0.005,0.08,0,0,88.0,1.5,2,0
2026-03-17 13:44:31,31.5,15.0,100.0,96.0,17.01,0.094,1.61,16.27,0.005,0.08,0,0,89.0,1.56,2,0
2026-03-17 13:44:41,31.5,15.1,100.0,96.0,17.01,0.094,1.59,16.27,0.005,0.08,0,0,89.0,1.57,2,0
2026-03-17 13:44:52,31.6,15.1,100.0,96.0,17.0,0.094,1.59,16.28,0.005,0.08,0,0,89.0,1.59,2,0
2026-03-17 13:45:02,31.5,15.1,100.0,96.0,17.0,0.094,1.59,16.27,0.005,0.08,0,0,89.0,1.66,2,0
2026-03-17 13:45:12,31.5,15.1,100.0,96.0,17.0,0.094,1.59,16.27,0.005,0.08,0,0,89.0,1.72,2,0
2026-03-17 13:45:22,31.5,15.1,100.0,96.0,17.0,0.094,1.59,16.27,0.005,0.08,0,0,89.0,1.71,2,0
2026-03-17 13:45:32,31.5,15.0,100.0,96.0,17.0,0.094,1.6,16.27,0.005,0.08,0,0,89.0,1.72,2,0
2026-03-17 13:45:42,31.6,15.0,100.0,96.0,17.01,0.094,1.59,16.26,0.005,0.08,0,0,88.0,1.61,2,0
2026-03-17 13:45:52,31.5,15.0,100.0,96.0,17.01,0.094,1.59,16.26,0.005,0.08,0,0,88.0,1.72,2,0
2026-03-17 13:46:03,31.5,14.9,100.0,96.0,17.01,0.094,1.59,16.26,0.005,0.08,0,0,88.0,1.65,2,0
2026-03-17 13:46:13,31.5,15.2,100.0,96.0,17.01,0.094,1.59,16.26,0.005,0.08,0,0,88.0,1.6,2,0
2026-03-17 13:46:23,31.5,15.2,100.0,96.0,17.01,0.094,1.59,16.26,0.005,0.08,0,0,88.0,1.62,2,0
2026-03-17 13:46:33,31.5,14.7,100.0,96.0,17.01,0.094,1.59,16.27,0.005,0.08,0,0,89.0,1.5,2,0
2026-03-17 13:46:43,31.5,14.8,100.0,96.0,17.01,0.094,1.59,16.27,0.005,0.08,0,0,89.0,1.72,2,0
2026-03-17 13:46:53,31.4,14.8,100.0,96.0,17.0,0.094,1.59,16.27,0.005,0.08,0,0,89.0,1.45,2,0
2026-03-17 13:47:03,31.4,15.0,100.0,96.0,17.0,0.094,1.59,16.27,0.005,0.08,0,0,89.0,1.54,2,0
2026-03-17 13:47:13,31.4,15.2,100.0,96.0,17.0,0.094,1.59,16.28,0.005,0.08,0,0,89.0,1.46,2,0
2026-03-17 13:47:24,31.3,15.7,100.0,96.0,17.0,0.094,1.59,16.27,0.005,0.08,0,0,89.0,1.49,2,0
2026-03-17 13:47:34,31.4,14.9,100.0,96.0,17.0,0.094,1.59,16.27,0.005,0.08,0,0,89.0,1.53,2,0
2026-03-17 13:47:44,31.3,15.3,100.0,96.0,17.0,0.094,1.59,16.27,0.005,0.08,0,0,89.0,1.63,2,0
2026-03-17 13:47:54,31.4,15.0,100.0,96.0,17.0,0.094,1.59,16.27,0.005,0.08,0,0,89.0,1.6,2,0
2026-03-17 13:48:04,31.3,15.3,100.0,96.0,17.0,0.094,1.59,16.27,0.005,0.08,0,0,89.0,1.75,2,0
2026-03-17 13:48:14,31.2,15.3,100.0,96.0,17.0,0.094,1.59,16.27,0.005,0.08,0,0,89.0,1.59,2,0
2026-03-17 13:48:24,31.2,15.3,100.0,96.0,17.01,0.094,1.61,16.27,0.005,0.08,0,0,89.0,1.56,2,0
2026-03-17 13:48:35,31.2,14.8,100.0,96.0,17.0,0.094,1.6,16.27,0.005,0.08,0,0,89.0,1.53,2,0
2026-03-17 13:48:45,31.2,15.4,100.0,96.0,17.0,0.094,1.6,16.27,0.005,0.08,0,0,89.0,1.74,2,0
2026-03-17 13:48:55,31.1,15.4,100.0,96.0,17.0,0.094,1.6,16.27,0.005,0.08,0,0,89.0,1.58,2,0
2026-03-17 13:49:05,31.1,15.3,100.0,96.0,17.01,0.094,1.61,16.27,0.005,0.08,0,0,89.0,1.72,2,0
2026-03-17 13:49:15,31.1,14.9,100.0,96.0,17.01,0.094,1.61,16.26,0.005,0.08,0,0,88.0,1.6,2,0
2026-03-17 13:49:25,31.0,14.8,100.0,96.0,17.01,0.094,1.61,16.26,0.005,0.08,0,0,88.0,1.72,2,0
2026-03-17 13:49:35,31.0,14.9,100.0,96.0,17.01,0.094,1.61,16.26,0.005,0.08,0,0,88.0,1.63,2,0
2026-03-17 13:49:46,31.0,15.4,100.0,96.0,17.01,0.094,1.61,16.27,0.005,0.08,0,0,89.0,1.47,2,0
2026-03-17 13:49:56,31.0,15.3,100.0,96.0,17.01,0.094,1.61,16.27,0.005,0.08,0,0,89.0,1.76,2,0
2026-03-17 13:50:06,31.0,15.4,100.0,96.0,17.0,0.094,1.59,16.28,0.005,0.08,0,0,89.0,1.44,2,0
2026-03-17 13:50:16,30.9,15.4,100.0,96.0,17.0,0.094,1.6,16.28,0.005,0.08,0,0,89.0,1.54,2,0
2026-03-17 13:50:26,31.0,14.5,100.0,96.0,17.0,0.094,1.59,16.27,0.005,0.08,0,0,89.0,1.47,2,0
2026-03-17 13:50:36,30.9,15.4,100.0,96.0,17.0,0.094,1.59,16.27,0.005,0.08,0,0,89.0,1.43,2,0
2026-03-17 13:50:46,30.9,15.4,100.0,96.0,17.0,0.094,1.59,16.27,0.005,0.08,0,0,89.0,1.57,2,0
2026-03-17 13:50:56,30.9,15.5,100.0,96.0,17.01,0.094,1.59,16.27,0.005,0.08,0,0,89.0,1.53,2,0
2026-03-17 13:51:07,30.9,15.0,100.0,96.0,17.01,0.094,1.59,16.26,0.005,0.08,0,0,88.0,1.56,2,0
2026-03-17 13:51:17,30.9,15.6,100.0,96.0,17.01,0.094,1.59,16.26,0.005,0.08,0,0,88.0,1.57,2,0
2026-03-17 13:51:27,30.9,14.9,100.0,96.0,17.01,0.094,1.59,16.26,0.005,0.08,0,0,88.0,1.71,2,0
2026-03-17 13:51:37,30.9,15.5,100.0,96.0,17.01,0.094,1.59,16.26,0.005,0.08,0,0,88.0,1.45,2,0
2026-03-17 13:51:47,30.8,15.5,100.0,96.0,17.01,0.094,1.59,16.26,0.005,0.08,0,0,88.0,1.58,2,0
2026-03-17 13:51:57,30.8,15.8,100.0,96.0,17.01,0.094,1.59,16.26,0.005,0.08,0,0,88.0,1.61,2,0
2026-03-17 13:52:07,30.8,15.8,100.0,96.0,17.01,0.094,1.59,16.26,0.005,0.08,0,0,88.0,1.63,2,0
2026-03-17 13:52:18,30.8,15.8,100.0,96.0,17.01,0.093,1.58,16.27,0.005,0.08,0,0,89.0,1.57,2,0
2026-03-17 13:52:28,30.8,15.9,100.0,96.0,17.0,0.093,1.58,16.27,0.005,0.08,0,0,89.0,1.44,2,0
2026-03-17 13:52:38,30.8,15.8,100.0,96.0,17.0,0.093,1.58,16.27,0.005,0.08,0,0,89.0,1.67,2,0
2026-03-17 13:52:48,30.8,15.8,100.0,96.0,17.0,0.093,1.58,16.27,0.005,0.08,0,0,89.0,1.61,2,0
2026-03-17 13:52:58,30.7,15.9,100.0,96.0,17.01,0.094,1.59,16.26,0.005,0.08,0,0,88.0,1.66,2,0
2026-03-17 13:53:08,30.7,15.8,100.0,96.0,17.01,0.094,1.59,16.26,0.005,0.08,0,0,88.0,1.46,2,0
2026-03-17 13:53:18,30.7,16.0,100.0,96.0,17.01,0.094,1.59,16.27,0.005,0.08,0,0,89.0,1.7,2,0
2026-03-17 13:53:29,30.7,15.8,100.0,96.0,17.0,0.094,1.59,16.27,0.005,0.08,0,0,89.0,1.45,2,0
2026-03-17 13:53:39,30.7,16.1,100.0,96.0,17.01,0.094,1.59,16.27,0.005,0.08,0,0,89.0,1.48,2,0
2026-03-17 13:53:49,30.6,16.1,100.0,95.0,17.01,0.094,1.59,16.27,0.005,0.08,0,0,89.0,1.45,2,0
2026-03-17 13:53:59,30.6,16.1,100.0,96.0,17.0,0.094,1.59,16.28,0.005,0.08,0,0,89.0,1.72,2,0
2026-03-17 13:54:09,30.6,16.1,100.0,96.0,17.0,0.094,1.59,16.27,0.005,0.08,0,0,89.0,1.44,2,0
2026-03-17 13:54:19,30.7,15.9,100.0,96.0,17.01,0.094,1.59,16.26,0.005,0.08,0,0,88.0,1.73,2,0
2026-03-17 13:54:29,30.6,15.8,100.0,96.0,17.01,0.094,1.59,16.26,0.005,0.08,0,0,88.0,1.52,2,0
2026-03-17 13:54:39,30.6,15.0,100.0,96.0,17.01,0.094,1.59,16.27,0.005,0.08,0,0,89.0,1.7,2,0
2026-03-17 13:54:50,30.6,16.0,100.0,95.0,17.0,0.094,1.59,16.28,0.005,0.08,0,0,89.0,1.53,2,0
2026-03-17 13:55:00,30.6,16.2,100.0,96.0,17.0,0.094,1.59,16.28,0.005,0.08,0,0,89.0,1.49,2,0
2026-03-17 13:55:10,30.6,16.1,100.0,95.0,17.0,0.094,1.59,16.28,0.005,0.08,0,0,89.0,1.73,2,0
2026-03-17 13:55:20,30.5,16.3,100.0,96.0,17.0,0.094,1.59,16.27,0.005,0.08,0,0,89.0,1.64,2,0
2026-03-17 13:55:30,30.5,16.4,100.0,95.0,17.01,0.094,1.59,16.27,0.005,0.08,0,0,89.0,1.72,2,0
2026-03-17 13:55:40,30.5,16.1,100.0,95.0,17.01,0.094,1.59,16.26,0.005,0.08,0,0,88.0,1.73,2,0
2026-03-17 13:55:50,30.5,16.2,100.0,95.0,17.01,0.094,1.59,16.27,0.005,0.08,0,0,89.0,1.56,2,0
2026-03-17 13:56:01,30.5,16.1,100.0,95.0,17.01,0.094,1.59,16.27,0.005,0.08,0,0,89.0,1.71,2,0
2026-03-17 13:56:11,30.5,16.5,100.0,96.0,17.0,0.094,1.59,16.27,0.005,0.08,0,0,89.0,1.47,2,0
2026-03-17 13:56:21,30.4,16.5,100.0,96.0,17.0,0.094,1.59,16.27,0.005,0.08,0,0,89.0,1.6,2,0
2026-03-17 13:56:31,30.5,16.4,100.0,95.0,17.01,0.094,1.59,16.26,0.005,0.08,0,0,88.0,1.69,2,0
2026-03-17 13:56:41,30.4,16.4,100.0,95.0,17.01,0.094,1.59,16.27,0.005,0.08,0,0,89.0,1.6,2,0
2026-03-17 13:56:51,30.4,16.5,100.0,95.0,17.01,0.094,1.59,16.27,0.005,0.08,0,0,89.0,1.54,2,0
2026-03-17 13:57:01,30.4,16.3,100.0,95.0,17.0,0.094,1.59,16.28,0.005,0.08,0,0,89.0,1.55,2,0
2026-03-17 13:57:11,30.4,16.3,100.0,95.0,17.0,0.094,1.59,16.28,0.005,0.08,0,0,89.0,1.48,2,0
2026-03-17 13:57:22,30.4,16.2,100.0,95.0,17.0,0.094,1.59,16.27,0.005,0.08,0,0,89.0,1.5,2,0
2026-03-17 13:57:32,30.3,16.4,100.0,95.0,17.0,0.094,1.59,16.27,0.005,0.08,0,0,89.0,1.69,2,0
2026-03-17 13:57:42,30.3,16.5,100.0,95.0,17.01,0.094,1.59,16.27,0.005,0.08,0,0,89.0,1.53,2,0
2026-03-17 13:57:52,30.3,16.2,100.0,95.0,17.01,0.094,1.59,16.26,0.005,0.08,0,0,88.0,1.57,2,0
2026-03-17 13:58:02,30.3,16.5,100.0,95.0,17.01,0.094,1.61,16.26,0.005,0.08,0,0,88.0,1.58,2,0
2026-03-17 13:58:12,30.3,16.6,100.0,95.0,17.01,0.094,1.61,16.26,0.005,0.08,0,0,88.0,1.6,2,0
2026-03-17 13:58:22,30.3,16.6,100.0,95.0,17.01,0.094,1.61,16.26,0.005,0.08,0,0,88.0,1.5,2,0
2026-03-17 13:58:33,30.3,16.6,100.0,95.0,17.01,0.094,1.61,16.27,0.005,0.08,0,0,89.0,1.72,2,0
2026-03-17 13:58:43,30.3,16.5,100.0,95.0,17.01,0.094,1.61,16.28,0.005,0.08,0,0,89.0,1.45,2,0
2026-03-17 13:58:53,30.2,16.5,100.0,95.0,17.01,0.094,1.61,16.28,0.005,0.08,0,0,89.0,1.6,2,0
2026-03-17 13:59:03,30.2,16.5,100.0,95.0,17.0,0.094,1.6,16.28,0.005,0.08,0,0,89.0,1.76,2,0
2026-03-17 13:59:13,30.2,16.6,100.0,95.0,17.0,0.094,1.6,16.28,0.005,0.08,0,0,89.0,1.51,2,0
2026-03-17 13:59:23,30.2,16.4,100.0,95.0,17.01,0.094,1.61,16.28,0.005,0.08,0,0,89.0,1.76,2,0
2026-03-17 13:59:33,30.2,16.6,100.0,95.0,17.01,0.095,1.62,16.27,0.005,0.08,0,0,89.0,1.57,2,0
2026-03-17 13:59:44,30.1,16.6,100.0,95.0,17.01,0.094,1.61,16.27,0.005,0.08,0,0,89.0,1.55,2,0
2026-03-17 13:59:54,30.2,16.4,100.0,95.0,17.01,0.094,1.61,16.27,0.005,0.08,0,0,89.0,1.52,2,0
2026-03-17 14:00:04,30.1,16.8,100.0,95.0,17.01,0.095,1.62,16.27,0.005,0.08,0,0,89.0,1.54,2,0
2026-03-17 14:00:14,30.1,16.7,100.0,95.0,17.01,0.094,1.61,16.27,0.005,0.08,0,0,89.0,1.68,2,0
2026-03-17 14:00:24,30.1,16.5,100.0,95.0,17.02,0.095,1.62,16.27,0.005,0.08,0,0,89.0,1.65,2,0
2026-03-17 14:00:34,30.1,16.8,100.0,95.0,17.01,0.095,1.62,16.27,0.005,0.08,0,0,89.0,1.47,2,0
2026-03-17 14:00:44,30.1,16.8,100.0,95.0,17.02,0.095,1.62,16.27,0.005,0.08,0,0,89.0,1.52,2,0
2026-03-17 14:00:54,30.1,16.8,100.0,95.0,17.02,0.095,1.62,16.27,0.005,0.08,0,0,89.0,1.63,2,0
2026-03-17 14:01:05,30.0,16.7,100.0,95.0,17.02,0.095,1.62,16.27,0.005,0.08,0,0,89.0,1.77,2,0
2026-03-17 14:01:15,30.0,16.8,100.0,95.0,17.01,0.096,1.63,16.28,0.005,0.08,0,0,89.0,1.68,2,0
2026-03-17 14:01:25,30.0,16.5,100.0,95.0,17.01,0.096,1.63,16.27,0.005,0.08,0,0,89.0,1.74,2,0
2026-03-17 14:01:35,30.0,16.7,100.0,95.0,17.01,0.095,1.62,16.27,0.005,0.08,0,0,89.0,1.61,2,0
2026-03-17 14:01:45,30.0,16.6,100.0,95.0,17.02,0.096,1.63,16.27,0.005,0.08,0,0,89.0,1.55,2,0
2026-03-17 14:01:55,29.9,16.7,100.0,95.0,17.01,0.095,1.62,16.27,0.005,0.08,0,0,89.0,1.66,2,0
2026-03-17 14:02:05,30.0,16.6,100.0,95.0,17.01,0.096,1.63,16.27,0.005,0.08,0,0,89.0,1.49,2,0
2026-03-17 14:02:16,29.9,16.6,100.0,95.0,17.02,0.095,1.62,16.27,0.005,0.08,0,0,89.0,1.62,2,0
2026-03-17 14:02:26,29.9,16.6,100.0,95.0,17.02,0.095,1.62,16.27,0.005,0.08,0,0,89.0,1.57,2,0
2026-03-17 14:02:36,29.9,16.7,100.0,95.0,17.02,0.095,1.62,16.26,0.005,0.08,0,0,88.0,1.47,2,0
2026-03-17 14:02:46,29.9,16.6,100.0,95.0,17.02,0.095,1.62,16.27,0.005,0.08,0,0,89.0,1.55,2,0
2026-03-17 14:02:56,29.9,16.5,100.0,95.0,17.02,0.096,1.63,16.27,0.005,0.08,0,0,89.0,1.71,2,0
2026-03-17 14:03:06,29.9,16.7,100.0,95.0,17.02,0.096,1.63,16.27,0.005,0.08,0,0,89.0,1.49,2,0
2026-03-17 14:03:16,29.9,16.8,100.0,95.0,17.02,0.096,1.63,16.26,0.005,0.08,0,0,88.0,1.53,2,0
2026-03-17 14:03:27,29.9,16.7,100.0,95.0,17.02,0.095,1.62,16.27,0.005,0.08,0,0,89.0,1.55,2,0
2026-03-17 14:03:37,29.8,16.8,100.0,95.0,17.02,0.096,1.63,16.26,0.005,0.08,0,0,88.0,1.74,2,0
2026-03-17 14:03:47,29.8,16.7,100.0,95.0,17.02,0.095,1.62,16.27,0.005,0.08,0,0,89.0,1.64,2,0
2026-03-17 14:03:57,29.8,16.8,100.0,95.0,17.02,0.095,1.62,16.27,0.005,0.08,0,0,89.0,1.62,2,0
2026-03-17 14:04:07,29.8,16.9,100.0,95.0,17.02,0.095,1.62,16.27,0.005,0.08,0,0,89.0,1.57,2,0
2026-03-17 14:04:17,29.8,16.9,100.0,95.0,17.01,0.095,1.62,16.27,0.005,0.08,0,0,89.0,1.57,2,0
2026-03-17 14:04:27,29.8,17.0,100.0,95.0,17.01,0.094,1.61,16.28,0.005,0.08,0,0,89.0,1.51,2,0
2026-03-17 14:04:37,29.8,16.9,100.0,95.0,17.0,0.094,1.6,16.28,0.005,0.08,0,0,89.0,1.59,2,0
2026-03-17 14:04:48,29.8,16.8,100.0,95.0,17.01,0.094,1.61,16.28,0.005,0.08,0,0,89.0,1.68,2,0
2026-03-17 14:04:58,29.8,16.7,100.0,95.0,17.01,0.094,1.61,16.28,0.005,0.08,0,0,89.0,1.7,2,0
2026-03-17 14:05:08,29.8,16.7,100.0,95.0,17.01,0.095,1.62,16.27,0.005,0.08,0,0,89.0,1.5,2,0
